transaction_date,spending_type,category,subcategory,merchant_name,amount,description
2024-12-25,Kebutuhan,Food,Dinner,Ayam Bakar Mas Agus,57000.0,
2024-12-25,Kebutuhan,Transportation,Fuel,Shell,97000.0,
2024-12-25,Keinginan,Pet,Food,Whiskas Direct,204000.0,
2024-12-25,Kebutuhan,Food,Dinner,RM Sunda Kelapa,80000.0,
2024-12-25,Kebutuhan,Food,Dinner,Ayam Bakar Mas Agus,36000.0,
2024-12-25,Keinginan,Household,Household Assistance,Laundry Express,147000.0,
2024-12-26,Kebutuhan,Transportation,Fuel,Shell,34000.0,
2024-12-26,Kebutuhan,Food,Dinner,Nasi Padang Sederhana,107000.0,
2024-12-26,Keinginan,Pet,Litter,Petco,110000.0,
2024-12-26,Kebutuhan,"Communication, PC",Internet,Indihome,369000.0,
2024-12-26,Kebutuhan,Food,Breakfast,Indomaret Point,11000.0,
2024-12-26,Kebutuhan,Transportation,Motorcycle,AHASS Honda,195000.0,
2024-12-27,Kebutuhan,Food,Lunch,Kantin Pak RT,77000.0,
2024-12-27,Kebutuhan,Food,Lunch,Kantin Pak RT,31000.0,
2024-12-27,Keinginan,Pet,Medicine,Guardian Pet,95000.0,
2024-12-28,Kebutuhan,Transportation,Motorcycle,Yamaha Service,53000.0,
2024-12-28,Kebutuhan,Transportation,Motorcycle,Yamaha Service,75000.0,
2024-12-29,Keinginan,Pet,Food,Petco,169000.0,
2024-12-29,Keinginan,Relationship,Girlfriend,Plaza Indonesia,190000.0,
2024-12-29,Kebutuhan,Beauty,Beauty,Pangkas Rambut Jaya,65000.0,
2024-12-29,Kebutuhan,Transportation,Online Ride,Grab,44000.0,
2024-12-29,Keinginan,Transportation,Online Ride,Grab,24000.0,
2024-12-30,Kebutuhan,Food,Lunch,Bakso Akbar,37000.0,
2024-12-30,Kebutuhan,Household,Electric,PLN Prepaid,215000.0,
2024-12-30,Keinginan,Food,Beverages,Janji Jiwa,31000.0,
2024-12-31,Kebutuhan,Culture,Music,Spotify,67000.0,
2024-12-31,Kebutuhan,Food,Lunch,Geprek Bensu,30000.0,
2025-01-01,Keinginan,Relationship,Girlfriend,Pondok Indah Mall,220000.0,
2025-01-01,Kebutuhan,Food,Lunch,Nasi Uduk Bang Udin,59000.0,
2025-01-01,Keinginan,"Communication, PC",Devices,Tokopedia,142000.0,
2025-01-02,Kebutuhan,Apparel,Laundry,Laundry Kiloan Bu Yanti,36000.0,
2025-01-02,Keinginan,Pet,Medicine,Vet Apothecary,93000.0,
2025-01-02,Keinginan,Other,,OVO Wallet,22000.0,
2025-01-03,Keinginan,Relationship,Girlfriend,Pondok Indah Mall,381000.0,
2025-01-03,Keinginan,Relationship,Girlfriend,Senayan City,387000.0,
2025-01-03,Kebutuhan,Food,Lunch,Kantin Pak RT,76000.0,
2025-01-04,Kebutuhan,Food,Dinner,Warteg Bu Siti,50000.0,
2025-01-04,Kebutuhan,Food,Lunch,Mie Ayam Pak Dhe,22000.0,
2025-01-04,Kebutuhan,Food,Dinner,Warung Pak Budi,88000.0,
2025-01-05,Kebutuhan,Food,Lunch,Bakso Akbar,48000.0,
2025-01-06,Kebutuhan,"Communication, PC",Internet,Indihome,105000.0,
2025-01-07,Keinginan,Relationship,Girlfriend,Plaza Indonesia,213000.0,
2025-01-08,Kebutuhan,Transportation,Toll,Flazz BCA,12000.0,
2025-01-09,Keinginan,Relationship,Girlfriend,Pondok Indah Mall,366000.0,
2025-01-09,Kebutuhan,Transportation,Fuel,Pertamina,48000.0,
2025-01-09,Kebutuhan,Household,Bath,Watson,56000.0,
2025-01-09,Kebutuhan,Food,Lunch,Bakso Akbar,38000.0,
2025-01-10,Kebutuhan,Transportation,Toll,e-Toll Mandiri,46000.0,
2025-01-10,Keinginan,Relationship,Girlfriend,AEON Mall,232000.0,
2025-01-11,Keinginan,"Communication, PC",Games,Steam,49000.0,
2025-01-12,Kebutuhan,Transportation,Parking,Secure Parking,29000.0,
2025-01-13,Kebutuhan,Food,Dinner,Ayam Bakar Mas Agus,98000.0,
2025-01-13,Kebutuhan,Household,Household Assistance,House Cleaning Service,479000.0,
2025-01-14,Kebutuhan,Food,Lunch,Mie Ayam Pak Dhe,82000.0,
2025-01-14,Keinginan,Relationship,Girlfriend,Senayan City,251000.0,
2025-01-15,Keinginan,Relationship,Girlfriend,Plaza Indonesia,371000.0,
2025-01-15,Keinginan,Relationship,Girlfriend,Grand Indonesia Mall,63000.0,
2025-01-16,Keinginan,Relationship,Girlfriend,Pondok Indah Mall,103000.0,
2025-01-16,Kebutuhan,Food,Dinner,Warteg Bu Siti,25000.0,
2025-01-16,Keinginan,Household,Furniture,IKEA,825000.0,
2025-01-17,Kebutuhan,Life,Travel,Traveloka,225000.0,
2025-01-17,Kebutuhan,Food,Lunch,Geprek Bensu,35000.0,
2025-01-17,Keinginan,Relationship,Girlfriend,AEON Mall,337000.0,
2025-01-17,Keinginan,Culture,Books,Gramedia,84000.0,
2025-01-18,Kebutuhan,Food,Breakfast,Indomaret Point,21000.0,
2025-01-19,Keinginan,Food,Beverages,Teh Pucuk,34000.0,
2025-01-19,Keinginan,Food,Beverages,Fore Coffee,16000.0,
2025-01-20,Kebutuhan,Transportation,Toll,e-Toll Mandiri,66000.0,
2025-01-20,Kebutuhan,Food,Dinner,Ayam Bakar Mas Agus,27000.0,
2025-01-20,Kebutuhan,Food,Lunch,Bakso Akbar,89000.0,
2025-01-22,Kebutuhan,Transportation,Fuel,Shell,84000.0,
2025-01-23,Keinginan,Pet,Grooming,Petshop Bersih,104000.0,
2025-01-24,Kebutuhan,Food,Dinner,RM Sunda Kelapa,21000.0,
2025-01-24,Keinginan,Relationship,Girlfriend,Pondok Indah Mall,332000.0,
2025-01-24,Kebutuhan,Food,Lunch,Nasi Uduk Bang Udin,68000.0,
2025-01-25,Kebutuhan,Food,Dinner,Nasi Padang Sederhana,93000.0,
2025-01-25,Kebutuhan,Food,Dinner,Warung Pak Budi,97000.0,
2025-01-26,Kebutuhan,Transportation,Parking,Secure Parking,7000.0,
2025-01-27,Keinginan,Relationship,Girlfriend,Pondok Indah Mall,163000.0,
2025-01-27,Kebutuhan,Food,Lunch,Nasi Uduk Bang Udin,24000.0,
2025-01-28,Kebutuhan,Food,Dinner,Warung Pak Budi,106000.0,
2025-01-28,Keinginan,Relationship,Girlfriend,Pondok Indah Mall,261000.0,
2025-01-28,Keinginan,Relationship,Brother / Sister,GoPay Transfer,100000.0,
2025-01-28,Kebutuhan,Life,Work,Grab Office,22000.0,
2025-01-29,Kebutuhan,Transportation,Parking,EasyPark,13000.0,
2025-01-29,Kebutuhan,Food,Lunch,Geprek Bensu,39000.0,
2025-01-29,Kebutuhan,Food,Dinner,Ayam Bakar Mas Agus,93000.0,
2025-01-30,Keinginan,Relationship,Girlfriend,Grand Indonesia Mall,266000.0,
2025-01-30,Kebutuhan,Food,Dinner,Warteg Bu Siti,109000.0,
2025-01-31,Keinginan,Other,,Transfer Dana,100000.0,
2025-01-31,Kebutuhan,Food,Dinner,Nasi Padang Sederhana,32000.0,
2025-01-31,Keinginan,Relationship,Girlfriend,Senayan City,294000.0,
2025-02-01,Keinginan,Food,Beverages,Teh Pucuk,44000.0,
2025-02-01,Kebutuhan,Food,Dinner,Warteg Bu Siti,76000.0,
2025-02-01,Keinginan,Transportation,Motorcycle,Bengkel Spesialis Matic,243000.0,
2025-02-01,Keinginan,Food,Lunch,Pizza Hut,119000.0,
2025-02-01,Keinginan,Life,Wedding Preps,Catering Survey,2852000.0,
2025-02-03,Kebutuhan,Transportation,Fuel,Shell,60000.0,
2025-02-03,Keinginan,Pet,Medicine,Vet Apothecary,56000.0,
2025-02-03,Keinginan,Relationship,Girlfriend,AEON Mall,70000.0,
2025-02-03,Kebutuhan,Food,Beverages,Circle K,6000.0,
2025-02-04,Keinginan,Relationship,Parents,Transfer BCA,209000.0,
2025-02-04,Keinginan,Relationship,Girlfriend,AEON Mall,146000.0,
2025-02-04,Kebutuhan,Transportation,Parking,Secure Parking,18000.0,
2025-02-04,Kebutuhan,Transportation,Fuel,BP,94000.0,
2025-02-04,Keinginan,Relationship,Girlfriend,Grand Indonesia Mall,122000.0,
2025-02-04,Keinginan,Food,Beverages,Janji Jiwa,28000.0,
2025-02-05,Keinginan,Relationship,Girlfriend,Pondok Indah Mall,310000.0,
2025-02-05,Kebutuhan,Transportation,Fuel,BP,46000.0,
2025-02-05,Keinginan,Relationship,Girlfriend,AEON Mall,58000.0,
2025-02-05,Kebutuhan,Transportation,Parking,EasyPark,12000.0,
2025-02-06,Kebutuhan,Household,Household Assistance,House Cleaning Service,206000.0,
2025-02-06,Kebutuhan,Transportation,Toll,e-Toll Mandiri,75000.0,
2025-02-06,Keinginan,Relationship,Girlfriend,Pondok Indah Mall,329000.0,
2025-02-07,Keinginan,Food,Dinner,Pepper Lunch,177000.0,
2025-02-07,Kebutuhan,Transportation,Parking,Secure Parking,27000.0,
2025-02-07,Kebutuhan,Household,Electric,PLN Token,412000.0,
2025-02-08,Kebutuhan,Food,Dinner,Nasi Padang Sederhana,39000.0,
2025-02-08,Kebutuhan,Health,Health,Puskesmas,90000.0,
2025-02-08,Keinginan,Relationship,Girlfriend,Pondok Indah Mall,230000.0,
2025-02-08,Kebutuhan,Food,Lunch,Geprek Bensu,76000.0,
2025-02-08,Keinginan,Relationship,Girlfriend,Senayan City,362000.0,
2025-02-08,Kebutuhan,Food,Dinner,Warung Pak Budi,52000.0,
2025-02-08,Keinginan,Culture,Apps,Netflix,22000.0,
2025-02-09,Keinginan,Pet,Appliances,Petco,191000.0,
2025-02-09,Kebutuhan,Food,Lunch,Nasi Uduk Bang Udin,47000.0,
2025-02-09,Keinginan,Relationship,Girlfriend,Pondok Indah Mall,333000.0,
2025-02-09,Kebutuhan,Food,Lunch,Bakso Akbar,80000.0,
2025-02-10,Keinginan,Relationship,Girlfriend,AEON Mall,33000.0,
2025-02-10,Kebutuhan,Transportation,Toll,e-Toll Mandiri,46000.0,
2025-02-11,Kebutuhan,Gift,Charity,Masjid Al-Ikhlas,154000.0,
2025-02-11,Kebutuhan,Transportation,Fuel,Vivo,46000.0,
2025-02-12,Keinginan,Household,Household Assistance,Laundry Express,136000.0,
2025-02-12,Keinginan,Culture,Apps,YouTube Premium,37000.0,
2025-02-12,Keinginan,Relationship,Girlfriend,Senayan City,379000.0,
2025-02-12,Kebutuhan,"Communication, PC",Internet,First Media,195000.0,
2025-02-13,Keinginan,Pet,Litter,Shopee Pet Store,102000.0,
2025-02-13,Kebutuhan,Transportation,Fuel,BP,79000.0,
2025-02-14,Keinginan,Relationship,Girlfriend,Plaza Indonesia,165000.0,
2025-02-15,Kebutuhan,Food,Lunch,Kantin Pak RT,88000.0,
2025-02-16,Kebutuhan,Food,Beverages,Indomaret,29000.0,
2025-02-16,Kebutuhan,Food,Dinner,Nasi Padang Sederhana,45000.0,
2025-02-16,Kebutuhan,Food,Breakfast,Bubur Ayam Pak Haji,30000.0,
2025-02-16,Keinginan,Pet,Medicine,Petshop Paws,125000.0,
2025-02-17,Keinginan,Relationship,Girlfriend,Plaza Indonesia,135000.0,
2025-02-17,Keinginan,Relationship,Girlfriend,AEON Mall,44000.0,
2025-02-17,Kebutuhan,Food,Dinner,RM Sunda Kelapa,81000.0,
2025-02-17,Keinginan,Relationship,Girlfriend,Pondok Indah Mall,216000.0,
2025-02-18,Keinginan,Life,Work,Freelance Tools,73000.0,
2025-02-18,Kebutuhan,"Communication, PC",Internet,Biznet,175000.0,
2025-02-18,Keinginan,Relationship,Girlfriend,Plaza Indonesia,366000.0,
2025-02-18,Keinginan,Food,Beverages,Teh Pucuk,21000.0,
2025-02-18,Kebutuhan,"Communication, PC",Internet,Biznet,115000.0,
2025-02-19,Keinginan,Relationship,Girlfriend,Pondok Indah Mall,211000.0,
2025-02-19,Kebutuhan,Household,Household Assistance,House Cleaning Service,495000.0,
2025-02-20,Keinginan,Relationship,Girlfriend,Plaza Indonesia,120000.0,
2025-02-21,Keinginan,Relationship,Girlfriend,Grand Indonesia Mall,279000.0,
2025-02-21,Keinginan,Relationship,Girlfriend,AEON Mall,312000.0,
2025-02-21,Keinginan,Pet,Food,Royal Canin Store,120000.0,
2025-02-21,Keinginan,Life,Travel,Traveloka,1484000.0,
2025-02-22,Keinginan,Culture,Books,Tokopedia Books,86000.0,
2025-02-22,Keinginan,Relationship,Work Colleagues,Kantin Kantor,102000.0,
2025-02-23,Kebutuhan,Food,Dinner,RM Sunda Kelapa,83000.0,
2025-02-23,Kebutuhan,Food,Dinner,RM Sunda Kelapa,74000.0,
2025-02-23,Kebutuhan,Food,Lunch,Kantin Pak RT,22000.0,
2025-02-23,Kebutuhan,Food,Breakfast,Bubur Ayam Pak Haji,43000.0,
2025-02-23,Keinginan,Relationship,Girlfriend,Plaza Indonesia,149000.0,
2025-02-23,Keinginan,Pet,Vet,Drh. Pratama Clinic,193000.0,
2025-02-23,Keinginan,Food,Beverages,Teh Pucuk,12000.0,
2025-02-23,Keinginan,Food,Beverages,Kopi Kenangan,37000.0,
2025-02-24,Keinginan,Relationship,Girlfriend,Pondok Indah Mall,281000.0,
2025-02-24,Kebutuhan,Food,Dinner,Ayam Bakar Mas Agus,22000.0,
2025-02-24,Kebutuhan,Food,Lunch,Bakso Akbar,53000.0,
2025-02-25,Kebutuhan,Household,Bath,Indomaret,26000.0,
2025-02-25,Keinginan,Pet,Grooming,Petshop Bersih,157000.0,
2025-02-25,Kebutuhan,Food,Lunch,Bakso Akbar,28000.0,
2025-02-25,Kebutuhan,Transportation,Fuel,Pertamina,78000.0,
2025-02-25,Kebutuhan,Food,Dinner,Warung Pak Budi,59000.0,
2025-02-25,Keinginan,Relationship,Work Colleagues,Kantin Kantor,142000.0,
2025-02-25,Keinginan,Relationship,Girlfriend,Plaza Indonesia,81000.0,
2025-02-25,Keinginan,Pet,Litter,Petco,84000.0,
2025-02-25,Kebutuhan,Transportation,Fuel,Shell,38000.0,
2025-02-25,Keinginan,Pet,Appliances,Petco,470000.0,
2025-02-25,Kebutuhan,Apparel,Laundry,Laundry Kiloan Bu Yanti,46000.0,
2025-02-26,Kebutuhan,Transportation,Fuel,BP,48000.0,
2025-02-26,Kebutuhan,Transportation,Fuel,Vivo,76000.0,
2025-02-26,Keinginan,Relationship,Girlfriend,Senayan City,332000.0,
2025-02-26,Kebutuhan,Food,Dinner,Nasi Padang Sederhana,76000.0,
2025-02-27,Kebutuhan,Food,Dinner,Ayam Bakar Mas Agus,73000.0,
2025-02-27,Kebutuhan,"Communication, PC",Internet,Indihome,159000.0,
2025-02-27,Kebutuhan,Household,Household Assistance,House Cleaning Service,183000.0,
2025-02-27,Keinginan,Food,Dinner,Kimukatsu,229000.0,
2025-02-27,Kebutuhan,Transportation,Toll,Flazz BCA,73000.0,
2025-02-27,Keinginan,Relationship,Girlfriend,Plaza Indonesia,264000.0,
2025-02-28,Kebutuhan,Food,Dinner,RM Sunda Kelapa,54000.0,
2025-02-28,Keinginan,Household,Appliances,Electronic City,410000.0,
2025-02-28,Keinginan,Relationship,Girlfriend,Plaza Indonesia,299000.0,
2025-02-28,Kebutuhan,Transportation,Motorcycle,AHASS Honda,181000.0,
2025-02-28,Keinginan,Pet,Medicine,Vet Apothecary,272000.0,
2025-03-01,Keinginan,"Communication, PC",Games,Steam,159000.0,
2025-03-01,Kebutuhan,Household,Kitchen,Carrefour,103000.0,
2025-03-02,Keinginan,Relationship,Girlfriend,Pondok Indah Mall,61000.0,
2025-03-02,Kebutuhan,Transportation,Fuel,Shell,41000.0,
2025-03-04,Kebutuhan,Food,Dinner,Warteg Bu Siti,110000.0,
2025-03-04,Keinginan,Life,Wedding Preps,Wedding Organizer,3229000.0,
2025-03-06,Keinginan,Education,E-Books,Kindle Store,52000.0,
2025-03-06,Keinginan,Relationship,Friend,Pisa Kafe,47000.0,
2025-03-06,Kebutuhan,Transportation,Fuel,Pertamina,76000.0,
2025-03-08,Keinginan,Pet,Appliances,Tokopedia Pet,102000.0,
2025-03-08,Keinginan,Relationship,Girlfriend,AEON Mall,89000.0,
2025-03-08,Keinginan,Food,Beverages,Fore Coffee,35000.0,
2025-03-08,Kebutuhan,Beauty,Beauty,Markas Barbershop,85000.0,
2025-03-08,Keinginan,Relationship,Nephew / Niece,Indomaret,115000.0,
2025-03-08,Kebutuhan,Transportation,Fuel,Shell,46000.0,
2025-03-09,Keinginan,Life,Work,Freelance Tools,370000.0,
2025-03-09,Kebutuhan,Transportation,Fuel,BP,47000.0,
2025-03-09,Kebutuhan,Transportation,Toll,Flazz BCA,33000.0,
2025-03-09,Kebutuhan,Food,Lunch,Nasi Uduk Bang Udin,71000.0,
2025-03-09,Kebutuhan,Food,Dinner,Warung Pak Budi,85000.0,
2025-03-10,Keinginan,Relationship,Girlfriend,Pondok Indah Mall,344000.0,
2025-03-10,Keinginan,Relationship,Girlfriend,Grand Indonesia Mall,273000.0,
2025-03-10,Kebutuhan,Food,Lunch,Kantin Pak RT,58000.0,
2025-03-10,Keinginan,Pet,Medicine,Vet Apothecary,73000.0,
2025-03-10,Kebutuhan,Food,Dinner,Nasi Padang Sederhana,57000.0,
2025-03-10,Kebutuhan,Life,Travel,KAI Access,169000.0,
2025-03-10,Kebutuhan,Transportation,Fuel,Pertamina,47000.0,
2025-03-11,Keinginan,Relationship,Girlfriend,Pondok Indah Mall,390000.0,
2025-03-11,Kebutuhan,Food,Lunch,Mie Ayam Pak Dhe,44000.0,
2025-03-11,Keinginan,Culture,Books,Gramedia,181000.0,
2025-03-11,Kebutuhan,Food,Dinner,Nasi Padang Sederhana,83000.0,
2025-03-11,Kebutuhan,Household,Bath,Guardian,66000.0,
2025-03-11,Keinginan,Relationship,Girlfriend,AEON Mall,216000.0,
2025-03-12,Kebutuhan,Transportation,Online Ride,Gojek,43000.0,
2025-03-12,Keinginan,Life,"Massage, Therapy",Spa Sehat,188000.0,
2025-03-13,Keinginan,Relationship,Girlfriend,AEON Mall,102000.0,
2025-03-13,Kebutuhan,Food,Dinner,Warung Pak Budi,92000.0,
2025-03-14,Keinginan,Culture,Apps,Disney+,33000.0,
2025-03-14,Kebutuhan,Transportation,Fuel,Shell,32000.0,
2025-03-15,Kebutuhan,Food,Dinner,Warteg Bu Siti,85000.0,
2025-03-15,Kebutuhan,Transportation,Fuel,Shell,42000.0,
2025-03-15,Tabungan,Other,,Dana Darurat BCA,1440000.0,
2025-03-15,Kebutuhan,Transportation,Fuel,Pertamina,97000.0,
2025-03-16,Keinginan,Relationship,Girlfriend,AEON Mall,368000.0,
2025-03-16,Keinginan,Life,Travel,Tiket.com,803000.0,
2025-03-17,Keinginan,Other,,OVO Wallet,13000.0,
2025-03-17,Kebutuhan,Transportation,Motorcycle,AHASS Honda,187000.0,
2025-03-18,Kebutuhan,Apparel,Pants,H&M,300000.0,
2025-03-18,Keinginan,Food,Dinner,Shaburi,243000.0,
2025-03-18,Kebutuhan,Food,Beverages,Indomaret,29000.0,
2025-03-18,Kebutuhan,"Communication, PC",Internet,First Media,434000.0,
2025-03-18,Keinginan,Relationship,Girlfriend,AEON Mall,139000.0,
2025-03-19,Keinginan,Food,Beverages,Teh Pucuk,27000.0,
2025-03-19,Keinginan,Household,Kitchen,Tokopedia,260000.0,
2025-03-19,Kebutuhan,Food,Dinner,Warung Pak Budi,52000.0,
2025-03-19,Kebutuhan,Food,Beverages,Circle K,9000.0,
2025-03-20,Kebutuhan,Food,Dinner,RM Sunda Kelapa,76000.0,
2025-03-20,Keinginan,"Communication, PC",Games,Steam,188000.0,
2025-03-21,Kebutuhan,Transportation,Toll,e-Toll Mandiri,59000.0,
2025-03-21,Keinginan,Relationship,Girlfriend,Senayan City,241000.0,
2025-03-21,Keinginan,Relationship,Girlfriend,Pondok Indah Mall,66000.0,
2025-03-22,Keinginan,Pet,Vet,Jakarta Animal Hospital,408000.0,
2025-03-22,Keinginan,Relationship,Girlfriend,Grand Indonesia Mall,396000.0,
2025-03-23,Kebutuhan,Food,Lunch,Nasi Uduk Bang Udin,26000.0,
2025-03-23,Kebutuhan,Food,Dinner,Ayam Bakar Mas Agus,72000.0,
2025-03-23,Keinginan,Relationship,Girlfriend,AEON Mall,355000.0,
2025-03-24,Kebutuhan,Food,Dinner,Warteg Bu Siti,94000.0,
2025-03-24,Kebutuhan,Household,Household Assistance,House Cleaning Service,394000.0,
2025-03-24,Kebutuhan,Food,Beverages,Indomaret,23000.0,
2025-03-24,Keinginan,Relationship,Parents,Transfer BCA,140000.0,
2025-03-25,Kebutuhan,Food,Lunch,Bakso Akbar,37000.0,
2025-03-26,Keinginan,Relationship,Girlfriend,Grand Indonesia Mall,329000.0,
2025-03-26,Kebutuhan,Transportation,Motorcycle,Bengkel Jaya Motor,166000.0,
2025-03-28,Keinginan,Relationship,Girlfriend,Plaza Indonesia,351000.0,
2025-03-29,Keinginan,Relationship,Girlfriend,Plaza Indonesia,368000.0,
2025-03-29,Keinginan,Relationship,Girlfriend,AEON Mall,219000.0,
2025-03-30,Kebutuhan,Health,Medicine,Kimia Farma,78000.0,
2025-03-30,Keinginan,Relationship,Girlfriend,Senayan City,325000.0,
2025-03-30,Kebutuhan,Food,Breakfast,Bubur Ayam Pak Haji,36000.0,
2025-03-31,Keinginan,"Communication, PC",Games,Codashop,145000.0,
2025-03-31,Keinginan,Pet,Litter,Shopee Pet Store,130000.0,
2025-04-01,Keinginan,Household,Household Assistance,Laundry Express,367000.0,
2025-04-01,Keinginan,Food,Beverages,Fore Coffee,25000.0,
2025-04-01,Keinginan,"Communication, PC",Games,Steam,84000.0,
2025-04-01,Keinginan,Culture,Sports,Futsal Arena,32000.0,
2025-04-02,Kebutuhan,Household,Repair,Bengkel AC,216000.0,
2025-04-03,Keinginan,Pet,Appliances,Petco,114000.0,
2025-04-03,Kebutuhan,Transportation,Fuel,BP,63000.0,
2025-04-03,Kebutuhan,Food,Lunch,Mie Ayam Pak Dhe,56000.0,
2025-04-03,Kebutuhan,Transportation,Fuel,Pertamina,50000.0,
2025-04-03,Kebutuhan,Transportation,Fuel,Shell,71000.0,
2025-04-04,Kebutuhan,Food,Beverages,Lawson,6000.0,
2025-04-04,Kebutuhan,Food,Dinner,Ayam Bakar Mas Agus,24000.0,
2025-04-04,Keinginan,Pet,Food,Petco,220000.0,
2025-04-04,Keinginan,Culture,Sports,Futsal Arena,67000.0,
2025-04-05,Keinginan,Pet,Grooming,Petshop Bersih,95000.0,
2025-04-05,Kebutuhan,Food,Lunch,Nasi Uduk Bang Udin,54000.0,
2025-04-05,Kebutuhan,"Communication, PC",Accesories,Shopee,159000.0,
2025-04-06,Keinginan,Relationship,Girlfriend,Plaza Indonesia,110000.0,
2025-04-06,Keinginan,Household,Household Assistance,Laundry Express,287000.0,
2025-04-07,Keinginan,Life,Travel,Lion Air,262000.0,
2025-04-07,Kebutuhan,Apparel,Laundry,Express Laundry,17000.0,
2025-04-08,Keinginan,Pet,Grooming,Cat Spa Jakarta,144000.0,
2025-04-08,Kebutuhan,Household,Electric,PLN Prepaid,293000.0,
2025-04-08,Kebutuhan,Gift,Charity,UNICEF Indonesia,209000.0,
2025-04-08,Keinginan,Pet,Grooming,Petshop Bersih,167000.0,
2025-04-09,Keinginan,"Communication, PC",Games,UniPin,196000.0,
2025-04-09,Kebutuhan,Apparel,Laundry,Express Laundry,33000.0,
2025-04-09,Kebutuhan,Food,Dinner,RM Sunda Kelapa,52000.0,
2025-04-09,Kebutuhan,Food,Dinner,Warteg Bu Siti,100000.0,
2025-04-09,Kebutuhan,Food,Dinner,Ayam Bakar Mas Agus,47000.0,
2025-04-09,Kebutuhan,Transportation,Parking,EasyPark,16000.0,
2025-04-10,Kebutuhan,Transportation,Fuel,BP,35000.0,
2025-04-10,Kebutuhan,Food,Dinner,Nasi Padang Sederhana,23000.0,
2025-04-10,Keinginan,Relationship,Girlfriend,Pondok Indah Mall,386000.0,
2025-04-10,Keinginan,Culture,Apps,Apple Music,69000.0,
2025-04-10,Kebutuhan,Food,Beverages,Alfamart,22000.0,
2025-04-10,Kebutuhan,Transportation,Motorcycle,Yamaha Service,94000.0,
2025-04-11,Keinginan,Household,Appliances,Samsung Store,304000.0,
2025-04-11,Keinginan,Food,Beverages,Teh Pucuk,17000.0,
2025-04-11,Kebutuhan,Food,Dinner,Warung Pak Budi,45000.0,
2025-04-12,Keinginan,Life,Work,Notion,297000.0,
2025-04-12,Keinginan,Other,,Transfer Dana,146000.0,
2025-04-12,Kebutuhan,Food,Dinner,Warteg Bu Siti,86000.0,
2025-04-12,Kebutuhan,Food,Dinner,RM Sunda Kelapa,48000.0,
2025-04-12,Keinginan,Food,Lunch,A&W,193000.0,
2025-04-12,Keinginan,Relationship,Girlfriend,Senayan City,303000.0,
2025-04-13,Keinginan,Culture,Apps,Netflix,51000.0,
2025-04-13,Kebutuhan,Household,Cleaning Tools,Indomaret,57000.0,
2025-04-13,Keinginan,Life,"Massage, Therapy",Thai Massage,172000.0,
2025-04-14,Kebutuhan,Food,Dinner,Ayam Bakar Mas Agus,45000.0,
2025-04-14,Kebutuhan,Food,Lunch,Geprek Bensu,42000.0,
2025-04-14,Kebutuhan,Gift,Charity,Yayasan Peduli,239000.0,
2025-04-14,Kebutuhan,Food,Dinner,Ayam Bakar Mas Agus,21000.0,
2025-04-15,Keinginan,Relationship,Girlfriend,Plaza Indonesia,73000.0,
2025-04-15,Kebutuhan,Food,Dinner,Ayam Bakar Mas Agus,25000.0,
2025-04-15,Kebutuhan,Food,Lunch,Bakso Akbar,18000.0,
2025-04-15,Keinginan,Life,Wedding Preps,Catering Survey,4350000.0,
2025-04-17,Kebutuhan,Food,Dinner,Nasi Padang Sederhana,90000.0,
2025-04-17,Kebutuhan,Transportation,Motorcycle,Yamaha Service,105000.0,
2025-04-17,Kebutuhan,Apparel,Shoes,Nike,259000.0,
2025-04-18,Kebutuhan,Household,Bath,Alfamart,44000.0,
2025-04-18,Kebutuhan,Beauty,Beauty,Pangkas Rambut Jaya,74000.0,
2025-04-19,Kebutuhan,Food,Lunch,Nasi Uduk Bang Udin,28000.0,
2025-04-19,Kebutuhan,Food,Lunch,Mie Ayam Pak Dhe,48000.0,
2025-04-19,Keinginan,Household,Kitchen,IKEA,138000.0,
2025-04-19,Kebutuhan,Food,Beverages,Alfamart,20000.0,
2025-04-20,Kebutuhan,Household,Bath,Indomaret,54000.0,
2025-04-20,Keinginan,Food,Beverages,Janji Jiwa,12000.0,
2025-04-20,Kebutuhan,Beauty,Beauty,Pangkas Rambut Jaya,69000.0,
2025-04-21,Kebutuhan,Food,Lunch,Mie Ayam Pak Dhe,62000.0,
2025-04-21,Kebutuhan,Food,Dinner,Warung Pak Budi,70000.0,
2025-04-21,Kebutuhan,Food,Dinner,Ayam Bakar Mas Agus,106000.0,
2025-04-21,Kebutuhan,Household,Bath,Alfamart,56000.0,
2025-04-21,Kebutuhan,Transportation,Fuel,Shell,41000.0,
2025-04-21,Kebutuhan,Food,Lunch,Bakso Akbar,20000.0,
2025-04-21,Kebutuhan,Food,Dinner,RM Sunda Kelapa,84000.0,
2025-04-22,Keinginan,Relationship,Girlfriend,Grand Indonesia Mall,40000.0,
2025-04-22,Keinginan,Relationship,Girlfriend,Plaza Indonesia,247000.0,
2025-04-23,Keinginan,Relationship,Girlfriend,Grand Indonesia Mall,378000.0,
2025-04-23,Keinginan,Relationship,Girlfriend,Senayan City,243000.0,
2025-04-24,Keinginan,Life,Work,Freelance Tools,225000.0,
2025-04-24,Keinginan,Pet,Food,Whiskas Direct,189000.0,
2025-04-24,Keinginan,Relationship,Girlfriend,AEON Mall,200000.0,
2025-04-26,Kebutuhan,Transportation,Motorcycle,Bengkel Jaya Motor,118000.0,
2025-04-26,Kebutuhan,Food,Dinner,RM Sunda Kelapa,114000.0,
2025-04-26,Kebutuhan,"Communication, PC",Internet,Biznet,224000.0,
2025-04-26,Keinginan,Transportation,Motorcycle,Custom Accessories,290000.0,
2025-04-26,Keinginan,Pet,Medicine,Vet Apothecary,276000.0,
2025-04-27,Kebutuhan,Food,Dinner,Warung Pak Budi,40000.0,
2025-04-27,Kebutuhan,Food,Beverages,Alfamart,7000.0,
2025-04-27,Kebutuhan,Food,Dinner,Ayam Bakar Mas Agus,30000.0,
2025-04-27,Kebutuhan,Transportation,Fuel,BP,31000.0,
2025-04-28,Kebutuhan,Food,Breakfast,Family Mart,14000.0,
2025-04-28,Keinginan,Relationship,Girlfriend,Pondok Indah Mall,283000.0,
2025-04-28,Keinginan,Relationship,Girlfriend,Grand Indonesia Mall,56000.0,
2025-04-29,Kebutuhan,"Communication, PC",Internet,MyRepublic,194000.0,
2025-04-29,Keinginan,Relationship,Girlfriend,Senayan City,343000.0,
2025-04-29,Keinginan,Relationship,Girlfriend,AEON Mall,39000.0,
2025-04-29,Keinginan,Relationship,Girlfriend,Grand Indonesia Mall,331000.0,
2025-04-29,Kebutuhan,Food,Beverages,Circle K,12000.0,
2025-04-30,Kebutuhan,Transportation,Toll,e-Toll Mandiri,18000.0,
2025-04-30,Kebutuhan,Gift,Charity,Masjid Al-Ikhlas,224000.0,
2025-04-30,Kebutuhan,Food,Dinner,Warung Pak Budi,83000.0,
2025-04-30,Kebutuhan,Food,Dinner,Warung Pak Budi,108000.0,
2025-04-30,Keinginan,Pet,Grooming,Cat Spa Jakarta,168000.0,
2025-04-30,Keinginan,Household,Kitchen,Tokopedia,247000.0,
2025-05-01,Keinginan,Life,Work,Notion,177000.0,
2025-05-02,Keinginan,Household,Repair,Fix It Shop,130000.0,
2025-05-02,Kebutuhan,Food,Dinner,Warung Pak Budi,95000.0,
2025-05-02,Kebutuhan,Food,Lunch,Nasi Uduk Bang Udin,76000.0,
2025-05-02,Keinginan,Relationship,Girlfriend,Grand Indonesia Mall,396000.0,
2025-05-03,Keinginan,Relationship,Girlfriend,Plaza Indonesia,183000.0,
2025-05-03,Keinginan,Pet,Grooming,Petshop Bersih,125000.0,
2025-05-03,Keinginan,Food,Dinner,Pepper Lunch,205000.0,
2025-05-03,Kebutuhan,Food,Dinner,Warung Pak Budi,54000.0,
2025-05-04,Keinginan,Relationship,Girlfriend,Senayan City,374000.0,
2025-05-04,Keinginan,Culture,Books,Periplus,175000.0,
2025-05-04,Keinginan,Food,Dinner,Pepper Lunch,136000.0,
2025-05-04,Kebutuhan,Food,Lunch,Mie Ayam Pak Dhe,71000.0,
2025-05-05,Keinginan,Food,Beverages,Janji Jiwa,44000.0,
2025-05-05,Kebutuhan,Transportation,Fuel,Shell,37000.0,
2025-05-05,Kebutuhan,Food,Lunch,Geprek Bensu,83000.0,
2025-05-05,Keinginan,Relationship,Girlfriend,Pondok Indah Mall,217000.0,
2025-05-05,Keinginan,Pet,Vet,Drh. Pratama Clinic,513000.0,
2025-05-06,Keinginan,Transportation,Parking,Mall Parking,11000.0,
2025-05-06,Keinginan,"Communication, PC",Games,Codashop,181000.0,
2025-05-07,Kebutuhan,Food,Dinner,Warung Pak Budi,59000.0,
2025-05-07,Keinginan,Relationship,Girlfriend,Plaza Indonesia,34000.0,
2025-05-07,Kebutuhan,Household,Household Assistance,House Cleaning Service,467000.0,
2025-05-08,Keinginan,Food,Dinner,Sushi Tei,68000.0,
2025-05-08,Kebutuhan,Food,Beverages,Lawson,13000.0,
2025-05-09,Kebutuhan,Food,Dinner,Ayam Bakar Mas Agus,115000.0,
2025-05-09,Keinginan,Household,Repair,Tukang Servis,478000.0,
2025-05-09,Kebutuhan,Transportation,Motorcycle,Bengkel Jaya Motor,123000.0,
2025-05-09,Kebutuhan,Transportation,Fuel,Vivo,74000.0,
2025-05-09,Keinginan,Relationship,Girlfriend,Pondok Indah Mall,196000.0,
2025-05-10,Kebutuhan,Gift,Charity,Baznas,123000.0,
2025-05-10,Keinginan,Relationship,Girlfriend,Pondok Indah Mall,152000.0,
2025-05-10,Kebutuhan,Transportation,Motorcycle,AHASS Honda,141000.0,
2025-05-10,Kebutuhan,Transportation,Fuel,Pertamina,83000.0,
2025-05-11,Kebutuhan,Gift,Charity,Masjid Al-Ikhlas,248000.0,
2025-05-11,Kebutuhan,Food,Dinner,Ayam Bakar Mas Agus,99000.0,
2025-05-11,Keinginan,Health,Medicine,Guardian,25000.0,
2025-05-11,Keinginan,Relationship,Girlfriend,Senayan City,213000.0,
2025-05-11,Kebutuhan,Food,Dinner,RM Sunda Kelapa,26000.0,
2025-05-12,Kebutuhan,Beauty,Beauty,Pangkas Rambut Jaya,77000.0,
2025-05-13,Keinginan,Relationship,Girlfriend,Senayan City,193000.0,
2025-05-13,Keinginan,Food,Lunch,McDonald's,182000.0,
2025-05-13,Kebutuhan,Food,Breakfast,Family Mart,24000.0,
2025-05-13,Keinginan,Transportation,Parking,Secure Parking,7000.0,
2025-05-13,Kebutuhan,Household,Bath,Guardian,20000.0,
2025-05-14,Kebutuhan,Food,Dinner,Warung Pak Budi,96000.0,
2025-05-14,Keinginan,Relationship,Friend,Pisa Kafe,135000.0,
2025-05-14,Keinginan,Food,Beverages,Fore Coffee,15000.0,
2025-05-14,Keinginan,"Communication, PC",Devices,Samsung Store,176000.0,
2025-05-14,Kebutuhan,Food,Dinner,Nasi Padang Sederhana,90000.0,
2025-05-14,Keinginan,Life,Travel,AirAsia,238000.0,
2025-05-14,Kebutuhan,Apparel,Laundry,Express Laundry,44000.0,
2025-05-15,Kebutuhan,Food,Dinner,Warung Pak Budi,91000.0,
2025-05-15,Kebutuhan,Food,Beverages,Lawson,7000.0,
2025-05-15,Kebutuhan,Transportation,Motorcycle,AHASS Honda,35000.0,
2025-05-16,Keinginan,Household,Kitchen,Tokopedia,296000.0,
2025-05-16,Keinginan,Pet,Medicine,Guardian Pet,144000.0,
2025-05-16,Keinginan,Other,,Transfer Dana,80000.0,
2025-05-17,Kebutuhan,Transportation,Motorcycle,AHASS Honda,166000.0,
2025-05-17,Keinginan,Relationship,Girlfriend,Grand Indonesia Mall,380000.0,
2025-05-17,Keinginan,Food,Lunch,KFC,198000.0,
2025-05-18,Kebutuhan,Gift,Charity,Yayasan Peduli,238000.0,
2025-05-18,Keinginan,Life,Work,Notion,219000.0,
2025-05-18,Kebutuhan,Food,Lunch,Mie Ayam Pak Dhe,21000.0,
2025-05-18,Kebutuhan,Food,Dinner,Ayam Bakar Mas Agus,98000.0,
2025-05-18,Kebutuhan,"Communication, PC",Internet,Indihome,301000.0,
2025-05-19,Keinginan,Relationship,Girlfriend,Pondok Indah Mall,187000.0,
2025-05-19,Keinginan,Household,Home Decor,IKEA,463000.0,
2025-05-19,Kebutuhan,Transportation,Toll,Flazz BCA,18000.0,
2025-05-19,Kebutuhan,Transportation,Fuel,Pertamina,64000.0,
2025-05-20,Kebutuhan,Food,Lunch,Nasi Uduk Bang Udin,16000.0,
2025-05-20,Kebutuhan,Household,Electric,PLN Token,261000.0,
2025-05-21,Keinginan,Pet,Medicine,Petshop Paws,64000.0,
2025-05-21,Keinginan,Relationship,Girlfriend,Senayan City,74000.0,
2025-05-21,Kebutuhan,Apparel,Pants,Zara,191000.0,
2025-05-21,Keinginan,Food,Beverages,Teh Pucuk,39000.0,
2025-05-21,Kebutuhan,Food,Lunch,Mie Ayam Pak Dhe,71000.0,
2025-05-22,Kebutuhan,Food,Beverages,Lawson,20000.0,
2025-05-22,Keinginan,Culture,Books,Gramedia,193000.0,
2025-05-23,Keinginan,Food,Lunch,A&W,100000.0,
2025-05-24,Kebutuhan,Beauty,Beauty,Markas Barbershop,64000.0,
2025-05-24,Keinginan,Pet,Litter,Shopee Pet Store,137000.0,
2025-05-24,Keinginan,Relationship,Girlfriend,AEON Mall,113000.0,
2025-05-24,Kebutuhan,Apparel,Laundry,Laundry Kiloan Bu Yanti,49000.0,
2025-05-24,Kebutuhan,Household,Household Assistance,House Cleaning Service,154000.0,
2025-05-24,Keinginan,"Communication, PC",Devices,iBox,973000.0,
2025-05-27,Kebutuhan,Transportation,Motorcycle,AHASS Honda,28000.0,
2025-05-28,Keinginan,Relationship,Parents,Transfer BCA,273000.0,
2025-05-28,Keinginan,Pet,Medicine,Guardian Pet,182000.0,
2025-05-29,Kebutuhan,"Communication, PC",Internet,First Media,497000.0,
2025-05-29,Kebutuhan,Food,Dinner,Nasi Padang Sederhana,27000.0,
2025-05-30,Keinginan,Food,Beverages,Fore Coffee,35000.0,
2025-05-30,Kebutuhan,Food,Dinner,RM Sunda Kelapa,117000.0,
2025-05-30,Kebutuhan,Food,Dinner,Nasi Padang Sederhana,72000.0,
2025-05-30,Keinginan,Household,Kitchen,ACE Hardware,200000.0,
2025-05-30,Kebutuhan,Life,Work,Parking Kantor,142000.0,
2025-05-31,Kebutuhan,Food,Dinner,Warteg Bu Siti,65000.0,
2025-05-31,Keinginan,Food,Lunch,Burger King,140000.0,
2025-06-01,Keinginan,Pet,Food,Petco,179000.0,
2025-06-01,Keinginan,Relationship,Girlfriend,Senayan City,363000.0,
2025-06-01,Keinginan,Relationship,Girlfriend,Plaza Indonesia,47000.0,
2025-06-01,Kebutuhan,Food,Dinner,Ayam Bakar Mas Agus,48000.0,
2025-06-02,Kebutuhan,Transportation,Toll,e-Toll Mandiri,77000.0,
2025-06-02,Keinginan,Relationship,Girlfriend,AEON Mall,359000.0,
2025-06-02,Kebutuhan,Food,Lunch,Geprek Bensu,49000.0,
2025-06-02,Keinginan,Food,Dinner,Sushi Tei,174000.0,
2025-06-02,Keinginan,Pet,Food,Royal Canin Store,127000.0,
2025-06-03,Kebutuhan,Transportation,Fuel,Vivo,43000.0,
2025-06-03,Keinginan,Food,Beverages,Kopi Kenangan,31000.0,
2025-06-03,Kebutuhan,Food,Dinner,RM Sunda Kelapa,55000.0,
2025-06-04,Keinginan,Food,Lunch,KFC,133000.0,
2025-06-04,Kebutuhan,Gift,Charity,UNICEF Indonesia,69000.0,
2025-06-04,Kebutuhan,"Communication, PC",Internet,Biznet,488000.0,
2025-06-05,Kebutuhan,Food,Dinner,Warung Pak Budi,119000.0,
2025-06-05,Kebutuhan,Food,Lunch,Kantin Pak RT,67000.0,
2025-06-05,Keinginan,Food,Lunch,A&W,126000.0,
2025-06-06,Kebutuhan,Food,Dinner,Nasi Padang Sederhana,51000.0,
2025-06-06,Keinginan,Transportation,Parking,Mall Parking,21000.0,
2025-06-06,Keinginan,Food,Lunch,Pizza Hut,150000.0,
2025-06-08,Keinginan,Relationship,Social,Warung Daun,91000.0,
2025-06-08,Keinginan,Relationship,Girlfriend,Plaza Indonesia,367000.0,
2025-06-08,Kebutuhan,Food,Lunch,Bakso Akbar,77000.0,
2025-06-08,Kebutuhan,Food,Dinner,Nasi Padang Sederhana,115000.0,
2025-06-08,Keinginan,Relationship,Girlfriend,AEON Mall,299000.0,
2025-06-09,Kebutuhan,Culture,Music,iTunes,57000.0,
2025-06-09,Keinginan,Food,Beverages,Chatime,29000.0,
2025-06-09,Keinginan,Pet,Medicine,Petshop Paws,283000.0,
2025-06-10,Keinginan,Other,,OVO Wallet,175000.0,
2025-06-10,Kebutuhan,Transportation,Subway,KRL Commuter,3000.0,
2025-06-10,Kebutuhan,Food,Lunch,Mie Ayam Pak Dhe,17000.0,
2025-06-11,Kebutuhan,"Communication, PC",Internet,Biznet,219000.0,
2025-06-11,Kebutuhan,Food,Lunch,Geprek Bensu,76000.0,
2025-06-12,Keinginan,Other,,OVO Wallet,198000.0,
2025-06-12,Kebutuhan,Transportation,Toll,Flazz BCA,21000.0,
2025-06-12,Keinginan,Relationship,Parents,OVO Transfer,199000.0,
2025-06-12,Keinginan,Culture,Apps,Spotify,40000.0,
2025-06-13,Keinginan,Pet,Medicine,Guardian Pet,292000.0,
2025-06-13,Kebutuhan,Transportation,Motorcycle,AHASS Honda,172000.0,
2025-06-13,Keinginan,Relationship,Girlfriend,Grand Indonesia Mall,340000.0,
2025-06-14,Kebutuhan,Beauty,Beauty,Barbershop Rapi,73000.0,
2025-06-14,Kebutuhan,Food,Lunch,Geprek Bensu,46000.0,
2025-06-14,Kebutuhan,Food,Dinner,Warteg Bu Siti,47000.0,
2025-06-14,Kebutuhan,Relationship,Parents,BRI Transfer,117000.0,
2025-06-15,Kebutuhan,Household,Electric,PLN Token,439000.0,
2025-06-15,Kebutuhan,Transportation,Fuel,Shell,87000.0,
2025-06-15,Kebutuhan,Food,Dinner,RM Sunda Kelapa,120000.0,
2025-06-16,Tabungan,Other,,Dana Darurat BCA,1497000.0,
2025-06-16,Keinginan,Relationship,Girlfriend,AEON Mall,236000.0,
2025-06-16,Keinginan,Household,Appliances,Electronic City,661000.0,
2025-06-16,Kebutuhan,Food,Dinner,Ayam Bakar Mas Agus,114000.0,
2025-06-16,Kebutuhan,Transportation,Motorcycle,AHASS Honda,173000.0,
2025-06-16,Keinginan,Relationship,Girlfriend,Pondok Indah Mall,122000.0,
2025-06-17,Keinginan,Food,Dinner,Marugame Udon,140000.0,
2025-06-17,Kebutuhan,Transportation,Motorcycle,Bengkel Jaya Motor,43000.0,
2025-06-17,Keinginan,Pet,Litter,Petco,145000.0,
2025-06-17,Keinginan,Relationship,Girlfriend,Grand Indonesia Mall,254000.0,
2025-06-18,Keinginan,Household,Repair,Tukang Servis,153000.0,
2025-06-19,Keinginan,Food,Beverages,Janji Jiwa,40000.0,
2025-06-19,Kebutuhan,Food,Beverages,Alfamart,20000.0,
2025-06-19,Keinginan,Food,Dinner,Marugame Udon,122000.0,
2025-06-20,Keinginan,Culture,Apps,Netflix,22000.0,
2025-06-20,Kebutuhan,Food,Lunch,Nasi Uduk Bang Udin,65000.0,
2025-06-20,Keinginan,Food,Beverages,Chatime,33000.0,
2025-06-21,Kebutuhan,Transportation,Fuel,Shell,84000.0,
2025-06-21,Keinginan,Relationship,Girlfriend,Senayan City,222000.0,
2025-06-22,Kebutuhan,Transportation,Fuel,Pertamina,90000.0,
2025-06-22,Kebutuhan,Food,Lunch,Nasi Uduk Bang Udin,56000.0,
2025-06-22,Keinginan,Pet,Medicine,Guardian Pet,190000.0,
2025-06-23,Keinginan,Food,Dinner,Marugame Udon,225000.0,
2025-06-23,Kebutuhan,Food,Dinner,Warung Pak Budi,60000.0,
2025-06-23,Kebutuhan,Food,Dinner,Warteg Bu Siti,33000.0,
2025-06-24,Keinginan,Food,Beverages,Janji Jiwa,11000.0,
2025-06-24,Keinginan,Pet,Litter,Shopee Pet Store,126000.0,
2025-06-24,Kebutuhan,Transportation,Fuel,Shell,73000.0,
2025-06-24,Keinginan,Relationship,Girlfriend,Pondok Indah Mall,291000.0,
2025-06-24,Keinginan,Food,Beverages,Chatime,20000.0,
2025-06-24,Keinginan,Relationship,Girlfriend,AEON Mall,80000.0,
2025-06-24,Keinginan,Food,Beverages,Kopi Kenangan,11000.0,
2025-06-25,Kebutuhan,Transportation,Online Ride,Grab,34000.0,
2025-06-25,Keinginan,Relationship,Girlfriend,AEON Mall,248000.0,
2025-06-25,Keinginan,Relationship,Girlfriend,Plaza Indonesia,175000.0,
2025-06-25,Kebutuhan,Transportation,Fuel,BP,61000.0,
2025-06-26,Keinginan,"Communication, PC",Games,Codashop,182000.0,
2025-06-26,Keinginan,Pet,Food,Royal Canin Store,139000.0,
2025-06-26,Kebutuhan,Health,Medicine,Kimia Farma,80000.0,
2025-06-27,Keinginan,Pet,Vet,Jakarta Animal Hospital,492000.0,
2025-06-27,Keinginan,Relationship,Work Colleagues,Rocket Chicken,72000.0,
2025-06-28,Kebutuhan,Food,Lunch,Bakso Akbar,62000.0,
2025-06-28,Keinginan,Food,Beverages,Janji Jiwa,49000.0,
2025-06-28,Kebutuhan,Food,Dinner,Warung Pak Budi,115000.0,
2025-06-29,Keinginan,Food,Beverages,Teh Pucuk,17000.0,
2025-06-30,Keinginan,"Communication, PC",Games,UniPin,186000.0,
2025-06-30,Kebutuhan,Food,Lunch,Mie Ayam Pak Dhe,52000.0,
2025-06-30,Keinginan,Household,Kitchen,Tokopedia,100000.0,
2025-06-30,Keinginan,Pet,Medicine,Petshop Paws,165000.0,
2025-06-30,Keinginan,Pet,Vet,Drh. Pratama Clinic,590000.0,
2025-06-30,Keinginan,Other,,OVO Wallet,104000.0,
2025-07-01,Kebutuhan,Food,Lunch,Kantin Pak RT,40000.0,
2025-07-01,Keinginan,Other,,OVO Wallet,130000.0,
2025-07-01,Keinginan,Relationship,Girlfriend,Plaza Indonesia,119000.0,
2025-07-01,Kebutuhan,Gift,Charity,Masjid Al-Ikhlas,69000.0,
2025-07-02,Keinginan,Culture,Music,Loket.com,82000.0,
2025-07-02,Keinginan,Relationship,Girlfriend,Plaza Indonesia,77000.0,
2025-07-02,Kebutuhan,Transportation,Fuel,Pertamina,41000.0,
2025-07-03,Kebutuhan,Gift,Charity,Yayasan Peduli,85000.0,
2025-07-04,Keinginan,Relationship,Friend,Holywings,139000.0,
2025-07-04,Keinginan,Life,"Massage, Therapy",Thai Massage,120000.0,
2025-07-05,Keinginan,Pet,Litter,Petco,85000.0,
2025-07-05,Keinginan,Transportation,Toll,e-Toll,46000.0,
2025-07-05,Kebutuhan,Food,Beverages,Circle K,17000.0,
2025-07-05,Keinginan,Relationship,Work Colleagues,Es Teler 77,107000.0,
2025-07-06,Keinginan,Food,Beverages,Kopi Kenangan,18000.0,
2025-07-06,Keinginan,Relationship,Social,Warung Daun,98000.0,
2025-07-07,Keinginan,Culture,Apps,YouTube Premium,18000.0,
2025-07-07,Keinginan,Household,Kitchen,IKEA,76000.0,
2025-07-07,Keinginan,Food,Beverages,Chatime,23000.0,
2025-07-09,Kebutuhan,Gift,Charity,Baznas,94000.0,
2025-07-10,Keinginan,Food,Dinner,Kimukatsu,68000.0,
2025-07-10,Kebutuhan,Transportation,Toll,e-Toll Mandiri,18000.0,
2025-07-10,Kebutuhan,Food,Lunch,Nasi Uduk Bang Udin,50000.0,
2025-07-10,Keinginan,Food,Beverages,Fore Coffee,19000.0,
2025-07-11,Keinginan,Pet,Medicine,Petshop Paws,141000.0,
2025-07-11,Kebutuhan,Food,Dinner,Warteg Bu Siti,70000.0,
2025-07-11,Kebutuhan,Food,Lunch,Bakso Akbar,67000.0,
2025-07-11,Kebutuhan,Transportation,Parking,Secure Parking,6000.0,
2025-07-11,Kebutuhan,Transportation,Motorcycle,Bengkel Jaya Motor,164000.0,
2025-07-12,Kebutuhan,Food,Dinner,Ayam Bakar Mas Agus,83000.0,
2025-07-12,Keinginan,Pet,Medicine,Petshop Paws,70000.0,
2025-07-13,Keinginan,Transportation,Parking,Secure Parking,22000.0,
2025-07-13,Kebutuhan,Food,Dinner,Warteg Bu Siti,112000.0,
2025-07-13,Kebutuhan,Health,Medicine,Kimia Farma,14000.0,
2025-07-14,Keinginan,Relationship,Girlfriend,AEON Mall,132000.0,
2025-07-15,Keinginan,Relationship,Girlfriend,Senayan City,328000.0,
2025-07-15,Keinginan,Pet,Vet,Drh. Pratama Clinic,474000.0,
2025-07-15,Kebutuhan,Food,Beverages,Indomaret,10000.0,
2025-07-15,Keinginan,Culture,Books,Gramedia,58000.0,
2025-07-16,Kebutuhan,Transportation,Motorcycle,Bengkel Jaya Motor,87000.0,
2025-07-16,Keinginan,Relationship,Girlfriend,Grand Indonesia Mall,209000.0,
2025-07-16,Kebutuhan,Culture,Music,iTunes,57000.0,
2025-07-16,Keinginan,Relationship,Girlfriend,Senayan City,166000.0,
2025-07-16,Kebutuhan,Life,Work,Grab Office,98000.0,
2025-07-16,Keinginan,Other,,OVO Wallet,152000.0,
2025-07-16,Kebutuhan,Household,Bath,Alfamart,13000.0,
2025-07-17,Kebutuhan,Life,Work,Parking Kantor,58000.0,
2025-07-17,Kebutuhan,"Communication, PC",Accesories,Tokopedia,148000.0,
2025-07-18,Keinginan,Food,Beverages,Fore Coffee,50000.0,
2025-07-18,Kebutuhan,Food,Dinner,Ayam Bakar Mas Agus,71000.0,
2025-07-18,Keinginan,Food,Beverages,Fore Coffee,34000.0,
2025-07-19,Keinginan,Relationship,Girlfriend,Senayan City,70000.0,
2025-07-19,Kebutuhan,"Communication, PC",Internet,Biznet,251000.0,
2025-07-19,Keinginan,Food,Beverages,Kopi Kenangan,34000.0,
2025-07-20,Keinginan,Food,Dinner,Kimukatsu,98000.0,
2025-07-20,Kebutuhan,Transportation,Motorcycle,Yamaha Service,68000.0,
2025-07-20,Kebutuhan,Food,Lunch,Kantin Pak RT,43000.0,
2025-07-21,Kebutuhan,Household,Bath,Alfamart,11000.0,
2025-07-21,Kebutuhan,Food,Lunch,Geprek Bensu,39000.0,
2025-07-22,Kebutuhan,Household,Appliances,Matahari Dept Store,185000.0,
2025-07-22,Kebutuhan,Food,Dinner,Warung Pak Budi,53000.0,
2025-07-22,Kebutuhan,Food,Lunch,Mie Ayam Pak Dhe,24000.0,
2025-07-22,Keinginan,Relationship,Girlfriend,Senayan City,359000.0,
2025-07-22,Kebutuhan,Food,Dinner,RM Sunda Kelapa,79000.0,
2025-07-23,Kebutuhan,Food,Lunch,Kantin Pak RT,66000.0,
2025-07-23,Kebutuhan,Gift,Charity,Yayasan Peduli,247000.0,
2025-07-23,Kebutuhan,Transportation,Fuel,Shell,65000.0,
2025-07-23,Keinginan,Food,Beverages,Chatime,14000.0,
2025-07-23,Keinginan,Transportation,Taxi,Blue Bird,131000.0,
2025-07-24,Kebutuhan,Transportation,Toll,e-Toll Mandiri,51000.0,
2025-07-24,Kebutuhan,Food,Beverages,Lawson,24000.0,
2025-07-24,Keinginan,Transportation,Motorcycle,Custom Accessories,158000.0,
2025-07-25,Keinginan,Transportation,Toll,e-Toll,15000.0,
2025-07-25,Keinginan,Food,Lunch,KFC,85000.0,
2025-07-25,Kebutuhan,Food,Lunch,Mie Ayam Pak Dhe,42000.0,
2025-07-25,Keinginan,Relationship,Girlfriend,AEON Mall,269000.0,
2025-07-25,Keinginan,Pet,Grooming,Fluffy Grooming,148000.0,
2025-07-26,Keinginan,Food,Lunch,A&W,97000.0,
2025-07-26,Keinginan,Culture,Music,Concert Ticket,297000.0,
2025-07-27,Keinginan,Pet,Vet,Jakarta Animal Hospital,403000.0,
2025-07-27,Keinginan,Pet,Vet,Klinik Hewan Sehat,219000.0,
2025-07-28,Keinginan,Relationship,Girlfriend,Pondok Indah Mall,68000.0,
2025-07-28,Keinginan,Pet,Medicine,Petshop Paws,88000.0,
2025-07-28,Keinginan,Life,Travel,Traveloka,567000.0,
2025-07-29,Kebutuhan,Food,Dinner,Warteg Bu Siti,36000.0,
2025-07-30,Keinginan,Culture,Books,Gramedia,54000.0,
2025-07-30,Keinginan,Relationship,Social,Restoran Sindang Reret,121000.0,
2025-07-30,Kebutuhan,Food,Lunch,Nasi Uduk Bang Udin,28000.0,
2025-07-30,Keinginan,Relationship,Girlfriend,Senayan City,362000.0,
2025-07-30,Keinginan,Pet,Medicine,Vet Apothecary,70000.0,
2025-07-31,Kebutuhan,Food,Dinner,Warteg Bu Siti,72000.0,
2025-07-31,Keinginan,Relationship,Girlfriend,Grand Indonesia Mall,182000.0,
2025-07-31,Keinginan,Relationship,Girlfriend,Pondok Indah Mall,393000.0,
2025-07-31,Keinginan,Relationship,Girlfriend,Pondok Indah Mall,71000.0,
2025-08-01,Kebutuhan,Food,Lunch,Bakso Akbar,45000.0,
2025-08-01,Keinginan,Life,Travel,AirAsia,1942000.0,
2025-08-01,Kebutuhan,Food,Dinner,Nasi Padang Sederhana,107000.0,
2025-08-01,Kebutuhan,Food,Dinner,RM Sunda Kelapa,102000.0,
2025-08-02,Kebutuhan,Transportation,Parking,Secure Parking,11000.0,
2025-08-02,Keinginan,"Communication, PC",Devices,iStyle,254000.0,
2025-08-02,Kebutuhan,Household,Electric,PLN Token,351000.0,
2025-08-02,Keinginan,Relationship,Girlfriend,Plaza Indonesia,374000.0,
2025-08-02,Keinginan,Food,Beverages,Kopi Kenangan,35000.0,
2025-08-02,Kebutuhan,Food,Lunch,Mie Ayam Pak Dhe,58000.0,
2025-08-02,Kebutuhan,Gift,Charity,Baznas,120000.0,
2025-08-03,Keinginan,Pet,Grooming,Cat Spa Jakarta,172000.0,
2025-08-04,Keinginan,Life,Travel,Tiket.com,455000.0,
2025-08-04,Keinginan,Relationship,Girlfriend,Senayan City,150000.0,
2025-08-05,Keinginan,Relationship,Parents,OVO Transfer,156000.0,
2025-08-05,Kebutuhan,Food,Breakfast,Family Mart,30000.0,
2025-08-05,Kebutuhan,Food,Beverages,Circle K,11000.0,
2025-08-06,Keinginan,Relationship,Girlfriend,AEON Mall,72000.0,
2025-08-07,Keinginan,Relationship,Girlfriend,AEON Mall,256000.0,
2025-08-07,Keinginan,Pet,Vet,Drh. Pratama Clinic,244000.0,
2025-08-07,Keinginan,Life,Travel,AirAsia,1204000.0,
2025-08-07,Kebutuhan,Food,Beverages,Indomaret,9000.0,
2025-08-08,Keinginan,Relationship,Work Colleagues,Kantin Kantor,83000.0,
2025-08-08,Keinginan,Pet,Food,Petco,171000.0,
2025-08-08,Keinginan,Food,Beverages,Fore Coffee,12000.0,
2025-08-09,Kebutuhan,Transportation,Fuel,Vivo,54000.0,
2025-08-09,Keinginan,Food,Beverages,Janji Jiwa,16000.0,
2025-08-10,Kebutuhan,Food,Beverages,Lawson,7000.0,
2025-08-10,Kebutuhan,Relationship,Parents,Transfer Mandiri,397000.0,
2025-08-10,Keinginan,Relationship,Girlfriend,Plaza Indonesia,149000.0,
2025-08-10,Keinginan,Food,Beverages,Teh Pucuk,46000.0,
2025-08-10,Kebutuhan,Apparel,Laundry,Express Laundry,24000.0,
2025-08-10,Keinginan,Relationship,Girlfriend,Plaza Indonesia,282000.0,
2025-08-10,Kebutuhan,Food,Lunch,Nasi Uduk Bang Udin,72000.0,
2025-08-11,Keinginan,Relationship,Girlfriend,Pondok Indah Mall,250000.0,
2025-08-11,Kebutuhan,Beauty,Beauty,Barbershop Rapi,74000.0,
2025-08-11,Keinginan,Relationship,Girlfriend,Grand Indonesia Mall,182000.0,
2025-08-12,Keinginan,Life,Work,Figma,207000.0,
2025-08-12,Kebutuhan,Food,Dinner,Warung Pak Budi,113000.0,
2025-08-12,Keinginan,Relationship,Girlfriend,Senayan City,337000.0,
2025-08-13,Kebutuhan,Food,Dinner,Nasi Padang Sederhana,117000.0,
2025-08-13,Kebutuhan,Food,Dinner,Warteg Bu Siti,32000.0,
2025-08-13,Keinginan,Relationship,Girlfriend,Grand Indonesia Mall,300000.0,
2025-08-13,Kebutuhan,Transportation,Fuel,Vivo,96000.0,
2025-08-13,Kebutuhan,Transportation,Toll,Flazz BCA,23000.0,
2025-08-14,Kebutuhan,Food,Dinner,Warteg Bu Siti,27000.0,
2025-08-14,Keinginan,Relationship,Girlfriend,Grand Indonesia Mall,304000.0,
2025-08-15,Keinginan,Relationship,Girlfriend,Plaza Indonesia,243000.0,
2025-08-15,Keinginan,Relationship,Girlfriend,Plaza Indonesia,341000.0,
2025-08-16,Kebutuhan,Food,Dinner,RM Sunda Kelapa,34000.0,
2025-08-16,Kebutuhan,Household,Electric,PLN Token,408000.0,
2025-08-17,Kebutuhan,Food,Dinner,Warung Pak Budi,40000.0,
2025-08-17,Keinginan,Relationship,Girlfriend,Senayan City,91000.0,
2025-08-17,Kebutuhan,Food,Lunch,Nasi Uduk Bang Udin,27000.0,
2025-08-17,Keinginan,Food,Beverages,Chatime,47000.0,
2025-08-17,Keinginan,Food,Beverages,Teh Pucuk,40000.0,
2025-08-18,Kebutuhan,Food,Dinner,RM Sunda Kelapa,72000.0,
2025-08-18,Keinginan,Relationship,Girlfriend,Senayan City,163000.0,
2025-08-18,Kebutuhan,Beauty,Beauty,Barbershop Rapi,94000.0,
2025-08-19,Keinginan,Food,Beverages,Kopi Kenangan,28000.0,
2025-08-19,Kebutuhan,Transportation,Toll,Flazz BCA,67000.0,
2025-08-20,Kebutuhan,Food,Dinner,RM Sunda Kelapa,64000.0,
2025-08-21,Keinginan,Food,Lunch,Burger King,100000.0,
2025-08-21,Kebutuhan,Food,Dinner,Warung Pak Budi,66000.0,
2025-08-21,Keinginan,Pet,Medicine,Petshop Paws,125000.0,
2025-08-21,Keinginan,Relationship,Girlfriend,AEON Mall,307000.0,
2025-08-21,Kebutuhan,Transportation,Motorcycle,AHASS Honda,110000.0,
2025-08-21,Keinginan,Relationship,Brother / Sister,Shopee Transfer,85000.0,
2025-08-21,Keinginan,Culture,Apps,Netflix,73000.0,
2025-08-22,Kebutuhan,Food,Lunch,Nasi Uduk Bang Udin,44000.0,
2025-08-22,Keinginan,Relationship,Girlfriend,Grand Indonesia Mall,231000.0,
2025-08-22,Kebutuhan,Life,Travel,KAI Access,458000.0,
2025-08-23,Kebutuhan,Life,Travel,KAI Access,331000.0,
2025-08-23,Keinginan,Relationship,Work Colleagues,Kantin Kantor,35000.0,
2025-08-23,Kebutuhan,Food,Lunch,Kantin Pak RT,85000.0,
2025-08-23,Kebutuhan,Food,Dinner,Nasi Padang Sederhana,83000.0,
2025-08-23,Kebutuhan,Transportation,Fuel,Vivo,53000.0,
2025-08-24,Kebutuhan,Life,Travel,RedBus,113000.0,
2025-08-24,Kebutuhan,Food,Lunch,Mie Ayam Pak Dhe,75000.0,
2025-08-24,Keinginan,Relationship,Brother / Sister,GoPay Transfer,143000.0,
2025-08-24,Kebutuhan,Transportation,Parking,EasyPark,18000.0,
2025-08-24,Kebutuhan,Food,Breakfast,Bubur Ayam Pak Haji,46000.0,
2025-08-25,Kebutuhan,Household,Bath,Indomaret,65000.0,
2025-08-25,Keinginan,Relationship,Girlfriend,Plaza Indonesia,86000.0,
2025-08-26,Kebutuhan,Food,Dinner,RM Sunda Kelapa,51000.0,
2025-08-26,Kebutuhan,Food,Lunch,Bakso Akbar,34000.0,
2025-08-26,Keinginan,Food,Dinner,Marugame Udon,199000.0,
2025-08-26,Kebutuhan,Gift,Charity,Masjid Al-Ikhlas,58000.0,
2025-08-26,Kebutuhan,Apparel,Pants,H&M,349000.0,
2025-08-27,Kebutuhan,Food,Dinner,Ayam Bakar Mas Agus,96000.0,
2025-08-27,Kebutuhan,Household,Bath,Watson,71000.0,
2025-08-27,Keinginan,Relationship,Girlfriend,Plaza Indonesia,157000.0,
2025-08-28,Keinginan,Relationship,Parents,OVO Transfer,255000.0,
2025-08-28,Keinginan,Relationship,Girlfriend,Pondok Indah Mall,71000.0,
2025-08-29,Kebutuhan,Transportation,Toll,Flazz BCA,69000.0,
2025-08-29,Keinginan,Pet,Litter,Shopee Pet Store,63000.0,
2025-08-29,Kebutuhan,Household,Household Assistance,House Cleaning Service,289000.0,
2025-08-29,Kebutuhan,Food,Dinner,Nasi Padang Sederhana,100000.0,
2025-08-29,Kebutuhan,Food,Breakfast,Bubur Ayam Pak Haji,16000.0,
2025-08-30,Keinginan,Pet,Food,Royal Canin Store,119000.0,
2025-08-30,Keinginan,Food,Dinner,Sushi Tei,194000.0,
2025-08-30,Kebutuhan,Food,Dinner,Ayam Bakar Mas Agus,92000.0,
2025-08-31,Keinginan,Relationship,Girlfriend,Plaza Indonesia,267000.0,
2025-08-31,Kebutuhan,Food,Dinner,Warung Pak Budi,89000.0,
2025-08-31,Kebutuhan,Food,Lunch,Geprek Bensu,56000.0,
2025-08-31,Keinginan,Relationship,Friend,Social House,73000.0,
2025-08-31,Keinginan,Relationship,Girlfriend,Grand Indonesia Mall,158000.0,
2025-09-01,Keinginan,Household,Kitchen,Tokopedia,79000.0,
2025-09-01,Kebutuhan,Transportation,Motorcycle,Bengkel Jaya Motor,184000.0,
2025-09-01,Kebutuhan,Food,Dinner,Nasi Padang Sederhana,78000.0,
2025-09-02,Kebutuhan,Transportation,Toll,e-Toll Mandiri,38000.0,
2025-09-03,Kebutuhan,Food,Lunch,Nasi Uduk Bang Udin,50000.0,
2025-09-03,Kebutuhan,Food,Dinner,RM Sunda Kelapa,115000.0,
2025-09-05,Kebutuhan,Apparel,Laundry,Express Laundry,20000.0,
2025-09-05,Kebutuhan,Apparel,Laundry,Express Laundry,36000.0,
2025-09-05,Kebutuhan,Food,Dinner,Warung Pak Budi,71000.0,
2025-09-05,Keinginan,Food,Beverages,Fore Coffee,38000.0,
2025-09-06,Keinginan,Pet,Grooming,Fluffy Grooming,82000.0,
2025-09-06,Kebutuhan,Transportation,Fuel,Pertamina,91000.0,
2025-09-06,Keinginan,Relationship,Girlfriend,AEON Mall,375000.0,
2025-09-06,Keinginan,Relationship,Girlfriend,Pondok Indah Mall,239000.0,
2025-09-06,Keinginan,Transportation,Toll,e-Toll,38000.0,
2025-09-07,Keinginan,Food,Dinner,Sushi Tei,234000.0,
2025-09-08,Keinginan,Relationship,Girlfriend,Plaza Indonesia,292000.0,
2025-09-08,Keinginan,Relationship,Girlfriend,Grand Indonesia Mall,86000.0,
2025-09-09,Kebutuhan,Food,Dinner,Nasi Padang Sederhana,78000.0,
2025-09-09,Keinginan,Food,Dinner,Shaburi,171000.0,
2025-09-09,Keinginan,Relationship,Girlfriend,Senayan City,187000.0,
2025-09-09,Keinginan,Relationship,Girlfriend,Plaza Indonesia,302000.0,
2025-09-09,Keinginan,Relationship,Girlfriend,AEON Mall,376000.0,
2025-09-10,Keinginan,Pet,Medicine,Vet Apothecary,281000.0,
2025-09-10,Kebutuhan,Food,Beverages,Circle K,16000.0,
2025-09-10,Kebutuhan,Food,Dinner,Warung Pak Budi,31000.0,
2025-09-10,Kebutuhan,Food,Dinner,Ayam Bakar Mas Agus,118000.0,
2025-09-11,Kebutuhan,Transportation,Motorcycle,Yamaha Service,171000.0,
2025-09-11,Kebutuhan,Household,Household Assistance,House Cleaning Service,194000.0,
2025-09-12,Keinginan,Relationship,Girlfriend,Pondok Indah Mall,371000.0,
2025-09-12,Kebutuhan,Food,Lunch,Nasi Uduk Bang Udin,80000.0,
2025-09-12,Keinginan,Relationship,Girlfriend,AEON Mall,222000.0,
2025-09-12,Kebutuhan,Food,Lunch,Geprek Bensu,59000.0,
2025-09-13,Kebutuhan,Transportation,Fuel,Pertamina,58000.0,
2025-09-13,Kebutuhan,Transportation,Motorcycle,AHASS Honda,30000.0,
2025-09-13,Keinginan,Relationship,Girlfriend,Pondok Indah Mall,154000.0,
2025-09-13,Keinginan,Culture,Apps,YouTube Premium,67000.0,
2025-09-14,Kebutuhan,Transportation,Fuel,Vivo,30000.0,
2025-09-14,Kebutuhan,Food,Dinner,Nasi Padang Sederhana,53000.0,
2025-09-14,Kebutuhan,Food,Lunch,Bakso Akbar,45000.0,
2025-09-15,Kebutuhan,Transportation,Fuel,Pertamina,68000.0,
2025-09-15,Keinginan,Food,Lunch,KFC,187000.0,
2025-09-16,Keinginan,Relationship,Girlfriend,Plaza Indonesia,158000.0,
2025-09-17,Kebutuhan,Transportation,Parking,EasyPark,14000.0,
2025-09-17,Keinginan,Relationship,Girlfriend,Plaza Indonesia,303000.0,
2025-09-17,Kebutuhan,Transportation,Fuel,Vivo,62000.0,
2025-09-18,Kebutuhan,Transportation,Fuel,BP,46000.0,
2025-09-18,Keinginan,Food,Dinner,Kimukatsu,140000.0,
2025-09-18,Kebutuhan,Transportation,Fuel,BP,40000.0,
2025-09-18,Keinginan,Life,Travel,Traveloka,435000.0,
2025-09-19,Kebutuhan,Transportation,Parking,EasyPark,17000.0,
2025-09-19,Kebutuhan,Food,Dinner,Ayam Bakar Mas Agus,62000.0,
2025-09-19,Kebutuhan,Food,Dinner,Ayam Bakar Mas Agus,111000.0,
2025-09-20,Kebutuhan,Transportation,Subway,KRL Commuter,7000.0,
2025-09-21,Keinginan,Relationship,Girlfriend,Senayan City,245000.0,
2025-09-21,Kebutuhan,Relationship,Friend,Warteg Bahari,58000.0,
2025-09-21,Kebutuhan,Food,Lunch,Nasi Uduk Bang Udin,16000.0,
2025-09-22,Kebutuhan,Transportation,Subway,MRT Jakarta,10000.0,
2025-09-22,Keinginan,Relationship,Parents,OVO Transfer,95000.0,
2025-09-22,Keinginan,Food,Beverages,Janji Jiwa,53000.0,
2025-09-22,Kebutuhan,Food,Beverages,Lawson,9000.0,
2025-09-23,Kebutuhan,Transportation,Fuel,BP,59000.0,
2025-09-24,Kebutuhan,Gift,Charity,Masjid Al-Ikhlas,71000.0,
2025-09-24,Kebutuhan,Food,Dinner,RM Sunda Kelapa,120000.0,
2025-09-24,Kebutuhan,Gift,Charity,Masjid Al-Ikhlas,176000.0,
2025-09-24,Keinginan,Relationship,Girlfriend,AEON Mall,250000.0,
2025-09-24,Keinginan,Relationship,Girlfriend,AEON Mall,55000.0,
2025-09-24,Keinginan,Relationship,Girlfriend,Grand Indonesia Mall,307000.0,
2025-09-24,Keinginan,Relationship,Brother / Sister,Shopee Transfer,81000.0,
2025-09-24,Keinginan,Food,Beverages,Chatime,50000.0,
2025-09-25,Kebutuhan,Food,Lunch,Kantin Pak RT,30000.0,
2025-09-25,Kebutuhan,Food,Lunch,Geprek Bensu,29000.0,
2025-09-26,Keinginan,Relationship,Brother / Sister,GoPay Transfer,55000.0,
2025-09-26,Keinginan,Relationship,Parents,Transfer BCA,168000.0,
2025-09-26,Keinginan,Relationship,Social,Warung Daun,191000.0,
2025-09-26,Keinginan,Pet,Appliances,Tokopedia Pet,126000.0,
2025-09-27,Keinginan,Relationship,Girlfriend,Grand Indonesia Mall,317000.0,
2025-09-28,Keinginan,Pet,Vet,Drh. Pratama Clinic,327000.0,
2025-09-28,Keinginan,Relationship,Girlfriend,AEON Mall,224000.0,
2025-09-29,Kebutuhan,Food,Dinner,Nasi Padang Sederhana,64000.0,
2025-09-29,Keinginan,Food,Beverages,Kopi Kenangan,28000.0,
2025-09-30,Keinginan,Relationship,Girlfriend,Plaza Indonesia,237000.0,
2025-09-30,Keinginan,"Communication, PC",Games,Steam,44000.0,
2025-09-30,Keinginan,Relationship,Girlfriend,Grand Indonesia Mall,97000.0,
2025-09-30,Keinginan,Pet,Appliances,Petco,445000.0,
2025-10-01,Kebutuhan,Food,Dinner,Ayam Bakar Mas Agus,115000.0,
2025-10-02,Keinginan,Household,Kitchen,ACE Hardware,131000.0,
2025-10-02,Kebutuhan,Transportation,Subway,KRL Commuter,6000.0,
2025-10-02,Kebutuhan,Food,Dinner,RM Sunda Kelapa,84000.0,
2025-10-03,Kebutuhan,Food,Dinner,Warung Pak Budi,61000.0,
2025-10-03,Kebutuhan,Food,Dinner,Ayam Bakar Mas Agus,23000.0,
2025-10-03,Keinginan,Culture,Apps,Spotify,25000.0,
2025-10-03,Kebutuhan,Food,Breakfast,Bubur Ayam Pak Haji,39000.0,
2025-10-03,Kebutuhan,Transportation,Motorcycle,Yamaha Service,139000.0,
2025-10-03,Kebutuhan,Food,Dinner,Warteg Bu Siti,23000.0,
2025-10-03,Keinginan,Relationship,Work Colleagues,Es Teler 77,49000.0,
2025-10-05,Kebutuhan,Transportation,Motorcycle,AHASS Honda,62000.0,
2025-10-05,Keinginan,Food,Dinner,Pepper Lunch,184000.0,
2025-10-05,Kebutuhan,Transportation,Fuel,Pertamina,31000.0,
2025-10-05,Keinginan,Life,Travel,Lion Air,298000.0,
2025-10-05,Keinginan,"Communication, PC",Games,Steam,163000.0,
2025-10-05,Keinginan,Culture,Apps,Spotify,27000.0,
2025-10-06,Keinginan,Pet,Grooming,Fluffy Grooming,158000.0,
2025-10-07,Keinginan,Pet,Food,Royal Canin Store,120000.0,
2025-10-07,Kebutuhan,Gift,Charity,Yayasan Peduli,75000.0,
2025-10-08,Kebutuhan,Household,Bath,Alfamart,27000.0,
2025-10-09,Keinginan,Food,Beverages,Kopi Kenangan,43000.0,
2025-10-09,Kebutuhan,Food,Lunch,Nasi Uduk Bang Udin,79000.0,
2025-10-10,Kebutuhan,Transportation,Fuel,BP,88000.0,
2025-10-10,Kebutuhan,Household,Bath,Indomaret,38000.0,
2025-10-10,Kebutuhan,"Communication, PC",Internet,First Media,351000.0,
2025-10-11,Kebutuhan,Food,Lunch,Nasi Uduk Bang Udin,30000.0,
2025-10-12,Keinginan,Relationship,Girlfriend,AEON Mall,138000.0,
2025-10-12,Keinginan,Food,Beverages,Kopi Kenangan,50000.0,
2025-10-13,Kebutuhan,Household,Bath,Alfamart,11000.0,
2025-10-13,Keinginan,Relationship,Girlfriend,Grand Indonesia Mall,62000.0,
2025-10-13,Kebutuhan,Food,Lunch,Nasi Uduk Bang Udin,31000.0,
2025-10-13,Kebutuhan,Food,Dinner,Warung Pak Budi,23000.0,
2025-10-14,Kebutuhan,Beauty,Beauty,Markas Barbershop,59000.0,
2025-10-14,Kebutuhan,Food,Dinner,Warteg Bu Siti,78000.0,
2025-10-14,Keinginan,Relationship,Girlfriend,Pondok Indah Mall,186000.0,
2025-10-14,Keinginan,Transportation,Online Ride,Gojek,73000.0,
2025-10-15,Kebutuhan,Gift,Charity,Baznas,254000.0,
2025-10-15,Kebutuhan,Food,Dinner,Warung Pak Budi,54000.0,
2025-10-16,Kebutuhan,Food,Dinner,Nasi Padang Sederhana,46000.0,
2025-10-16,Kebutuhan,Food,Dinner,Warung Pak Budi,58000.0,
2025-10-16,Keinginan,Life,Wedding Preps,Catering Survey,3156000.0,
2025-10-17,Keinginan,Relationship,Girlfriend,Pondok Indah Mall,129000.0,
2025-10-17,Keinginan,Pet,Litter,Shopee Pet Store,112000.0,
2025-10-17,Keinginan,Pet,Medicine,Petshop Paws,152000.0,
2025-10-18,Kebutuhan,Transportation,Motorcycle,Yamaha Service,119000.0,
2025-10-18,Kebutuhan,Transportation,Fuel,BP,61000.0,
2025-10-19,Kebutuhan,Food,Dinner,Warung Pak Budi,49000.0,
2025-10-19,Keinginan,Relationship,Girlfriend,Senayan City,381000.0,
2025-10-19,Kebutuhan,Health,Medicine,Kimia Farma,116000.0,
2025-10-19,Keinginan,Relationship,Girlfriend,AEON Mall,82000.0,
2025-10-20,Kebutuhan,Transportation,Fuel,Shell,91000.0,
2025-10-20,Kebutuhan,Food,Beverages,Lawson,17000.0,
2025-10-20,Keinginan,Pet,Food,Petco,232000.0,
2025-10-20,Kebutuhan,Food,Dinner,Warung Pak Budi,100000.0,
2025-10-20,Kebutuhan,Life,Travel,Traveloka,241000.0,
2025-10-20,Keinginan,Relationship,Girlfriend,Pondok Indah Mall,38000.0,
2025-10-21,Kebutuhan,Food,Dinner,Nasi Padang Sederhana,47000.0,
2025-10-21,Kebutuhan,Food,Dinner,Nasi Padang Sederhana,74000.0,
2025-10-21,Keinginan,Pet,Medicine,Petshop Paws,208000.0,
2025-10-22,Keinginan,Relationship,Girlfriend,Plaza Indonesia,125000.0,
2025-10-22,Keinginan,Relationship,Girlfriend,Plaza Indonesia,82000.0,
2025-10-22,Kebutuhan,Food,Lunch,Mie Ayam Pak Dhe,78000.0,
2025-10-22,Keinginan,Pet,Grooming,Cat Spa Jakarta,198000.0,
2025-10-23,Keinginan,Pet,Food,Petco,169000.0,
2025-10-23,Keinginan,Pet,Litter,Petco,67000.0,
2025-10-24,Keinginan,Food,Dinner,Kimukatsu,104000.0,
2025-10-24,Keinginan,Food,Beverages,Kopi Kenangan,11000.0,
2025-10-24,Keinginan,Food,Beverages,Fore Coffee,51000.0,
2025-10-24,Kebutuhan,Transportation,Fuel,Vivo,38000.0,
2025-10-24,Keinginan,Relationship,Girlfriend,Plaza Indonesia,243000.0,
2025-10-25,Kebutuhan,Food,Dinner,Warteg Bu Siti,47000.0,
2025-10-25,Kebutuhan,Food,Lunch,Mie Ayam Pak Dhe,57000.0,
2025-10-25,Keinginan,Food,Beverages,Kopi Kenangan,39000.0,
2025-10-25,Keinginan,Culture,Apps,Netflix,69000.0,
2025-10-25,Kebutuhan,Food,Lunch,Nasi Uduk Bang Udin,30000.0,
2025-10-26,Kebutuhan,Food,Dinner,Warung Pak Budi,21000.0,
2025-10-26,Kebutuhan,Food,Lunch,Geprek Bensu,25000.0,
2025-10-26,Keinginan,Food,Lunch,KFC,184000.0,
2025-10-26,Kebutuhan,Food,Lunch,Bakso Akbar,81000.0,
2025-10-27,Keinginan,Relationship,Parents,OVO Transfer,199000.0,
2025-10-27,Kebutuhan,Food,Lunch,Mie Ayam Pak Dhe,60000.0,
2025-10-27,Keinginan,Relationship,Girlfriend,Plaza Indonesia,276000.0,
2025-10-27,Keinginan,Food,Beverages,Kopi Kenangan,18000.0,
2025-10-27,Kebutuhan,Relationship,Parents,Transfer Mandiri,374000.0,
2025-10-27,Keinginan,Relationship,Girlfriend,Grand Indonesia Mall,185000.0,
2025-10-28,Kebutuhan,Food,Lunch,Nasi Uduk Bang Udin,44000.0,
2025-10-28,Kebutuhan,Health,Medicine,Century Pharmacy,80000.0,
2025-10-28,Kebutuhan,Food,Dinner,RM Sunda Kelapa,25000.0,
2025-10-28,Keinginan,"Communication, PC",Games,Codashop,46000.0,
2025-10-28,Kebutuhan,Food,Beverages,Lawson,23000.0,
2025-10-28,Kebutuhan,Food,Dinner,Nasi Padang Sederhana,28000.0,
2025-10-29,Keinginan,Food,Beverages,Chatime,37000.0,
2025-10-29,Keinginan,Pet,Food,Petco,122000.0,
2025-10-30,Keinginan,Relationship,Girlfriend,Pondok Indah Mall,174000.0,
2025-10-31,Kebutuhan,Apparel,Shoes,Nike,373000.0,
2025-10-31,Keinginan,Pet,Food,Whiskas Direct,140000.0,
2025-10-31,Keinginan,Pet,Vet,Klinik Hewan Sehat,460000.0,
2025-10-31,Kebutuhan,Food,Dinner,RM Sunda Kelapa,50000.0,
2025-10-31,Kebutuhan,Food,Dinner,Warteg Bu Siti,77000.0,
2025-11-01,Keinginan,Food,Beverages,Janji Jiwa,31000.0,
2025-11-01,Keinginan,Relationship,Girlfriend,Pondok Indah Mall,276000.0,
2025-11-01,Kebutuhan,Food,Lunch,Nasi Uduk Bang Udin,85000.0,
2025-11-01,Kebutuhan,Household,Household Assistance,ART Harian,406000.0,
2025-11-01,Kebutuhan,Household,Bath,Guardian,25000.0,
2025-11-02,Keinginan,Relationship,Girlfriend,AEON Mall,42000.0,
2025-11-02,Keinginan,Food,Dinner,Marugame Udon,102000.0,
2025-11-02,Keinginan,Relationship,Girlfriend,AEON Mall,250000.0,
2025-11-02,Keinginan,Food,Beverages,Kopi Kenangan,12000.0,
2025-11-02,Kebutuhan,Food,Beverages,Alfamart,17000.0,
2025-11-02,Kebutuhan,Food,Dinner,Ayam Bakar Mas Agus,80000.0,
2025-11-03,Kebutuhan,Food,Dinner,RM Sunda Kelapa,53000.0,
2025-11-03,Keinginan,Relationship,Girlfriend,Pondok Indah Mall,315000.0,
2025-11-03,Tabungan,Other,,Dana Darurat BCA,607000.0,
2025-11-03,Kebutuhan,Food,Dinner,Nasi Padang Sederhana,28000.0,
2025-11-03,Keinginan,Food,Beverages,Kopi Kenangan,43000.0,
2025-11-03,Keinginan,Pet,Vet,Klinik Hewan Sehat,348000.0,
2025-11-04,Kebutuhan,Transportation,Fuel,Vivo,78000.0,
2025-11-04,Keinginan,Food,Dinner,Pepper Lunch,137000.0,
2025-11-04,Kebutuhan,Food,Lunch,Nasi Uduk Bang Udin,33000.0,
2025-11-04,Kebutuhan,Food,Beverages,Circle K,25000.0,
2025-11-05,Keinginan,Life,Travel,Traveloka,1619000.0,
2025-11-05,Keinginan,Pet,Medicine,Vet Apothecary,224000.0,
2025-11-05,Keinginan,Life,Work,Figma,172000.0,
2025-11-05,Kebutuhan,Food,Dinner,Nasi Padang Sederhana,79000.0,
2025-11-05,Kebutuhan,"Communication, PC",Internet,Biznet,212000.0,
2025-11-06,Keinginan,Relationship,Girlfriend,Senayan City,64000.0,
2025-11-06,Keinginan,Relationship,Girlfriend,Grand Indonesia Mall,369000.0,
2025-11-06,Kebutuhan,Food,Dinner,Warteg Bu Siti,34000.0,
2025-11-07,Kebutuhan,Food,Lunch,Nasi Uduk Bang Udin,86000.0,
2025-11-07,Keinginan,Relationship,Girlfriend,Plaza Indonesia,195000.0,
2025-11-07,Keinginan,Life,Travel,Tiket.com,452000.0,
2025-11-08,Kebutuhan,Household,Electric,PLN Prepaid,294000.0,
2025-11-08,Keinginan,Pet,Medicine,Vet Apothecary,268000.0,
2025-11-08,Kebutuhan,Food,Dinner,Nasi Padang Sederhana,93000.0,
2025-11-08,Kebutuhan,Transportation,Fuel,Pertamina,86000.0,
2025-11-08,Keinginan,Pet,Appliances,Tokopedia Pet,364000.0,
2025-11-08,Kebutuhan,Gift,Charity,Yayasan Peduli,223000.0,
2025-11-08,Keinginan,Pet,Medicine,Guardian Pet,262000.0,
2025-11-08,Keinginan,Relationship,Girlfriend,Grand Indonesia Mall,122000.0,
2025-11-08,Keinginan,Food,Dinner,Shaburi,148000.0,
2025-11-09,Kebutuhan,Food,Dinner,Nasi Padang Sederhana,42000.0,
2025-11-09,Keinginan,Pet,Food,Royal Canin Store,248000.0,
2025-11-09,Kebutuhan,Household,Bath,Watson,76000.0,
2025-11-10,Kebutuhan,Transportation,Motorcycle,Bengkel Jaya Motor,27000.0,
2025-11-10,Keinginan,Pet,Medicine,Guardian Pet,226000.0,
2025-11-10,Kebutuhan,Transportation,Subway,KRL Commuter,13000.0,
2025-11-10,Kebutuhan,Food,Lunch,Nasi Uduk Bang Udin,29000.0,
2025-11-10,Keinginan,Household,Kitchen,ACE Hardware,183000.0,
2025-11-11,Kebutuhan,Food,Beverages,Circle K,28000.0,
2025-11-11,Kebutuhan,Food,Dinner,Warung Pak Budi,23000.0,
2025-11-12,Keinginan,Life,Wedding Preps,Catering Survey,3638000.0,
2025-11-12,Kebutuhan,"Communication, PC",Internet,Indihome,184000.0,
2025-11-12,Kebutuhan,Food,Lunch,Kantin Pak RT,84000.0,
2025-11-13,Keinginan,Life,Travel,Tiket.com,1945000.0,
2025-11-13,Kebutuhan,Transportation,Motorcycle,Bengkel Jaya Motor,190000.0,
2025-11-13,Kebutuhan,Life,Work,Grab Office,100000.0,
2025-11-14,Keinginan,Food,Dinner,Sushi Tei,222000.0,
2025-11-14,Kebutuhan,Food,Lunch,Kantin Pak RT,78000.0,
2025-11-14,Kebutuhan,Food,Lunch,Bakso Akbar,39000.0,
2025-11-14,Kebutuhan,Household,Kitchen,Carrefour,128000.0,
2025-11-14,Keinginan,Relationship,Girlfriend,Plaza Indonesia,44000.0,
2025-11-14,Kebutuhan,Food,Lunch,Bakso Akbar,60000.0,
2025-11-15,Keinginan,Food,Dinner,Sushi Tei,96000.0,
2025-11-16,Keinginan,Pet,Medicine,Petshop Paws,80000.0,
2025-11-16,Kebutuhan,Food,Breakfast,Indomaret Point,13000.0,
2025-11-16,Kebutuhan,Apparel,Pants,H&M,394000.0,
2025-11-17,Keinginan,Relationship,Girlfriend,AEON Mall,156000.0,
2025-11-17,Keinginan,Food,Dinner,Kimukatsu,195000.0,
2025-11-18,Kebutuhan,Food,Dinner,RM Sunda Kelapa,27000.0,
2025-11-18,Kebutuhan,Household,Bath,Alfamart,32000.0,
2025-11-18,Kebutuhan,Food,Lunch,Bakso Akbar,55000.0,
2025-11-18,Kebutuhan,Household,Household Assistance,House Cleaning Service,427000.0,
2025-11-19,Keinginan,Food,Beverages,Chatime,24000.0,
2025-11-19,Keinginan,Food,Beverages,Kopi Kenangan,38000.0,
2025-11-20,Kebutuhan,Food,Dinner,Nasi Padang Sederhana,109000.0,
2025-11-20,Keinginan,Culture,Apps,Spotify,55000.0,
2025-11-21,Keinginan,Pet,Food,Whiskas Direct,120000.0,
2025-11-21,Keinginan,Life,"Massage, Therapy",Reflexology Plus,85000.0,
2025-11-21,Keinginan,Food,Dinner,Marugame Udon,224000.0,
2025-11-21,Keinginan,Culture,Apps,Netflix,16000.0,
2025-11-22,Keinginan,Relationship,Girlfriend,Senayan City,354000.0,
2025-11-22,Kebutuhan,Transportation,Fuel,Vivo,67000.0,
2025-11-22,Kebutuhan,Food,Lunch,Bakso Akbar,85000.0,
2025-11-22,Keinginan,Food,Dinner,Pepper Lunch,210000.0,
2025-11-23,Keinginan,Relationship,Girlfriend,Pondok Indah Mall,399000.0,
2025-11-23,Keinginan,Pet,Medicine,Guardian Pet,138000.0,
2025-11-24,Keinginan,Relationship,Girlfriend,Plaza Indonesia,314000.0,
2025-11-25,Keinginan,Food,Beverages,Kopi Kenangan,28000.0,
2025-11-25,Kebutuhan,Food,Dinner,Warteg Bu Siti,68000.0,
2025-11-25,Keinginan,Relationship,Parents,OVO Transfer,207000.0,
2025-11-25,Kebutuhan,Food,Dinner,Ayam Bakar Mas Agus,107000.0,
2025-11-25,Kebutuhan,Food,Dinner,Warung Pak Budi,118000.0,
2025-11-25,Keinginan,Food,Beverages,Fore Coffee,45000.0,
2025-11-25,Keinginan,Relationship,Girlfriend,Grand Indonesia Mall,185000.0,
2025-11-25,Kebutuhan,Food,Dinner,Nasi Padang Sederhana,62000.0,
2025-11-25,Kebutuhan,Transportation,Motorcycle,Bengkel Jaya Motor,153000.0,
2025-11-26,Keinginan,Relationship,Girlfriend,Grand Indonesia Mall,118000.0,
2025-11-26,Kebutuhan,Food,Beverages,Lawson,8000.0,
2025-11-26,Keinginan,Relationship,Girlfriend,Plaza Indonesia,161000.0,
2025-11-27,Kebutuhan,Food,Dinner,Warteg Bu Siti,49000.0,
2025-11-27,Kebutuhan,Food,Breakfast,Family Mart,22000.0,
2025-11-27,Keinginan,Culture,Apps,Disney+,30000.0,
2025-11-28,Kebutuhan,Food,Lunch,Bakso Akbar,18000.0,
2025-11-28,Keinginan,Food,Beverages,Teh Pucuk,11000.0,
2025-11-28,Keinginan,Food,Beverages,Chatime,54000.0,
2025-11-29,Keinginan,Relationship,Work Colleagues,Kantin Kantor,76000.0,
2025-11-29,Keinginan,Pet,Grooming,Fluffy Grooming,126000.0,
2025-11-29,Kebutuhan,Food,Dinner,Ayam Bakar Mas Agus,88000.0,
2025-11-30,Kebutuhan,Household,Electric,PLN Prepaid,148000.0,
2025-11-30,Kebutuhan,Apparel,Shoes,Converse,770000.0,
2025-11-30,Kebutuhan,Food,Lunch,Bakso Akbar,74000.0,
2025-11-30,Kebutuhan,"Communication, PC",Internet,Biznet,90000.0,
2025-12-01,Kebutuhan,Culture,Music,Spotify,45000.0,
2025-12-01,Keinginan,Pet,Food,Whiskas Direct,229000.0,
2025-12-01,Keinginan,"Communication, PC",Games,Steam,190000.0,
2025-12-02,Keinginan,Relationship,Girlfriend,Senayan City,203000.0,
2025-12-02,Kebutuhan,Food,Dinner,Warteg Bu Siti,81000.0,
2025-12-03,Keinginan,Relationship,Girlfriend,Pondok Indah Mall,92000.0,
2025-12-03,Keinginan,Culture,Apps,Netflix,79000.0,
2025-12-03,Kebutuhan,Food,Lunch,Mie Ayam Pak Dhe,32000.0,
2025-12-03,Kebutuhan,"Communication, PC",Internet,MyRepublic,474000.0,
2025-12-03,Kebutuhan,Food,Dinner,Warung Pak Budi,85000.0,
2025-12-04,Keinginan,Life,Travel,Tiket.com,1255000.0,
2025-12-04,Keinginan,Food,Beverages,Teh Pucuk,33000.0,
2025-12-04,Keinginan,Relationship,Girlfriend,Grand Indonesia Mall,115000.0,
2025-12-04,Keinginan,Transportation,Parking,Secure Parking,9000.0,
2025-12-04,Keinginan,Food,Lunch,A&W,75000.0,
2025-12-05,Keinginan,Relationship,Girlfriend,AEON Mall,99000.0,
2025-12-05,Kebutuhan,Transportation,Fuel,BP,85000.0,
2025-12-05,Keinginan,Food,Dinner,Shaburi,120000.0,
2025-12-06,Keinginan,Pet,Grooming,Fluffy Grooming,87000.0,
2025-12-06,Kebutuhan,Food,Dinner,Warung Pak Budi,117000.0,
2025-12-07,Kebutuhan,Food,Breakfast,Bubur Ayam Pak Haji,45000.0,
2025-12-07,Kebutuhan,"Communication, PC",Internet,MyRepublic,467000.0,
2025-12-07,Kebutuhan,"Communication, PC",Internet,MyRepublic,498000.0,
2025-12-07,Kebutuhan,Transportation,Parking,EasyPark,9000.0,
2025-12-08,Kebutuhan,Transportation,Motorcycle,Yamaha Service,91000.0,
2025-12-08,Kebutuhan,Food,Dinner,Warung Pak Budi,96000.0,
2025-12-08,Keinginan,Relationship,Girlfriend,Senayan City,288000.0,
2025-12-08,Kebutuhan,Transportation,Motorcycle,Yamaha Service,48000.0,
2025-12-09,Kebutuhan,Household,Household Assistance,House Cleaning Service,436000.0,
2025-12-10,Keinginan,Food,Beverages,Chatime,20000.0,
2025-12-10,Keinginan,Pet,Medicine,Guardian Pet,106000.0,
2025-12-10,Kebutuhan,Transportation,Motorcycle,AHASS Honda,117000.0,
2025-12-10,Keinginan,Culture,Apps,Disney+,54000.0,
2025-12-11,Keinginan,Relationship,Girlfriend,Senayan City,245000.0,
2025-12-11,Keinginan,Relationship,Girlfriend,Pondok Indah Mall,64000.0,
2025-12-11,Keinginan,Household,Appliances,iBox,726000.0,
2025-12-11,Kebutuhan,Transportation,Fuel,Shell,49000.0,
2025-12-12,Keinginan,Relationship,Girlfriend,Plaza Indonesia,78000.0,
2025-12-12,Keinginan,Relationship,Work Colleagues,Es Teler 77,136000.0,
2025-12-13,Kebutuhan,Transportation,Fuel,BP,97000.0,
2025-12-13,Keinginan,Transportation,Online Ride,Gojek,71000.0,
2025-12-14,Kebutuhan,Food,Dinner,Ayam Bakar Mas Agus,101000.0,
2025-12-14,Kebutuhan,Transportation,Motorcycle,AHASS Honda,138000.0,
2025-12-14,Keinginan,Food,Beverages,Chatime,35000.0,
2025-12-14,Kebutuhan,Food,Lunch,Nasi Uduk Bang Udin,22000.0,
2025-12-14,Keinginan,Pet,Vet,Klinik Hewan Sehat,304000.0,
2025-12-14,Kebutuhan,Household,Electric,PLN Prepaid,218000.0,
2025-12-14,Kebutuhan,Transportation,Toll,Flazz BCA,28000.0,
2025-12-14,Keinginan,Pet,Medicine,Guardian Pet,231000.0,
2025-12-14,Keinginan,Relationship,Girlfriend,Plaza Indonesia,213000.0,
2025-12-15,Keinginan,Food,Beverages,Teh Pucuk,14000.0,
2025-12-16,Keinginan,Relationship,Girlfriend,Grand Indonesia Mall,111000.0,
2025-12-16,Kebutuhan,Transportation,Fuel,Pertamina,78000.0,
2025-12-16,Keinginan,Food,Dinner,Pepper Lunch,65000.0,
2025-12-16,Keinginan,Transportation,Motorcycle,Custom Accessories,263000.0,
2025-12-16,Keinginan,Culture,Books,Tokopedia Books,109000.0,
2025-12-16,Keinginan,Food,Dinner,Shaburi,146000.0,
2025-12-17,Kebutuhan,"Communication, PC",Internet,MyRepublic,317000.0,
2025-12-17,Keinginan,Food,Beverages,Teh Pucuk,47000.0,
2025-12-17,Kebutuhan,Food,Dinner,Ayam Bakar Mas Agus,55000.0,
2025-12-18,Keinginan,Pet,Food,Whiskas Direct,195000.0,
2025-12-18,Keinginan,Pet,Vet,Klinik Hewan Sehat,383000.0,
2025-12-18,Keinginan,Life,Work,Notion,170000.0,
2025-12-18,Kebutuhan,Transportation,Toll,Flazz BCA,72000.0,
2025-12-19,Keinginan,Food,Dinner,Shaburi,209000.0,
2025-12-19,Keinginan,Relationship,Girlfriend,Plaza Indonesia,274000.0,
2025-12-19,Keinginan,Food,Lunch,A&W,176000.0,
2025-12-19,Keinginan,Food,Beverages,Kopi Kenangan,49000.0,
2025-12-20,Keinginan,Relationship,Girlfriend,Pondok Indah Mall,292000.0,
2025-12-20,Kebutuhan,Transportation,Fuel,Shell,89000.0,
2025-12-20,Keinginan,Relationship,Girlfriend,Senayan City,288000.0,
2025-12-20,Keinginan,Relationship,Girlfriend,AEON Mall,282000.0,
2025-12-20,Keinginan,Relationship,Girlfriend,AEON Mall,259000.0,
2025-12-21,Kebutuhan,Food,Dinner,Nasi Padang Sederhana,95000.0,
2025-12-21,Kebutuhan,Food,Dinner,Nasi Padang Sederhana,36000.0,
2025-12-21,Keinginan,Food,Dinner,Marugame Udon,226000.0,
2025-12-22,Keinginan,Culture,Apps,YouTube Premium,72000.0,
2025-12-22,Kebutuhan,Food,Dinner,Nasi Padang Sederhana,23000.0,
2025-12-22,Kebutuhan,Household,Bath,Watson,68000.0,
2025-12-22,Keinginan,Food,Dinner,Pepper Lunch,76000.0,
2025-12-23,Kebutuhan,Food,Beverages,Indomaret,13000.0,
2025-12-23,Kebutuhan,Food,Dinner,Ayam Bakar Mas Agus,94000.0,
2025-12-23,Kebutuhan,Food,Lunch,Mie Ayam Pak Dhe,27000.0,
2025-12-23,Kebutuhan,Transportation,Fuel,Pertamina,87000.0,
